time,adj1,avg accum vol,
9:30:05,16.88610054,278456.5179,
9:30:10,16.88610054,345590.5,
9:30:15,16.88610054,380283.05,
9:30:20,5.61980674,405017.25,
9:30:25,3.69188582,428733.5321,
9:30:30,3.088574112,449839.2143,
9:30:35,3.078525955,474347.125,
9:30:40,3.028420604,496935.0107,
9:30:45,3.016106891,517763.3821,
9:30:50,2.858818296,538729.0786,
9:30:55,2.739066173,558620.0893,
9:31:00,2.695015788,578456.425,
9:31:05,2.922776753,604551.4071,
9:31:10,3.002607748,626240.25,
9:31:15,3.007036099,646176.3143,
9:31:20,2.644711254,664111.5679,
9:31:25,2.47180814,681906.55,
9:31:30,2.395251466,700118.5214,
9:31:35,2.327083507,716518.6,
9:31:40,2.283696011,733336.475,
9:31:45,2.229794433,750334.5571,
9:31:50,2.178980838,765590.2893,
9:31:55,2.117872485,781031.975,
9:32:00,1.993893258,795237.9857,
9:32:05,2.179688131,814677.9071,
9:32:10,2.315740022,833183.5464,
9:32:15,2.377984483,848791.3321,
9:32:20,2.177208483,863709.6821,
9:32:25,2.041731148,879164.3071,
9:32:30,2.013056769,894126.3321,
9:32:35,2.031635416,909463.0821,
9:32:40,1.978088277,923711.8,
9:32:45,1.964028533,938357.1929,
9:32:50,1.898734784,952223.4964,
9:32:55,1.874822261,965933.6929,
9:33:00,1.759534171,977982.7429,
9:33:05,1.976001129,996723.9857,
9:33:10,2.166103352,1014715.375,
9:33:15,2.32693745,1030386.486,
9:33:20,2.101652961,1044054.214,
9:33:25,1.933637621,1058261.818,
9:33:30,1.784762163,1070580.182,
9:33:35,1.808673734,1084786.411,
9:33:40,1.803433266,1098875.996,
9:33:45,1.865160103,1112584.479,
9:33:50,1.842072544,1126270.764,
9:33:55,1.793106474,1139257.611,
9:34:00,1.738437816,1151734.929,
9:34:05,1.879949341,1168608.121,
9:34:10,1.955271424,1183291.257,
9:34:15,1.954899065,1195760.189,
9:34:20,1.836927861,1209976.614,
9:34:25,1.843381987,1224805.1,
9:34:30,1.923260399,1239072.932,
9:34:35,1.86637598,1252008.293,
9:34:40,1.807583932,1265512.754,
9:34:45,1.756535948,1278630.961,
9:34:50,1.73289318,1291033.875,
9:34:55,1.686045975,1303483.314,
9:35:00,1.648536621,1315756.793,
9:35:05,2.086029879,1338012.264,
9:35:10,2.354614324,1356510.354,
9:35:15,2.50631705,1372200.25,
9:35:20,2.137131465,1386141.486,
9:35:25,1.955078901,1400539.664,
9:35:30,1.839644753,1413629.929,
9:35:35,1.817142059,1427064.393,
9:35:40,1.751881136,1439992.864,
9:35:45,1.812350705,1454444.932,
9:35:50,1.804941258,1467712.532,
9:35:55,1.802189477,1480579.032,
9:36:00,1.670863444,1492073.575,
9:36:05,1.729970443,1506672.293,
9:36:10,1.803567588,1521196.236,
9:36:15,1.852768365,1533798.804,
9:36:20,1.788597244,1546952.357,
9:36:25,1.653196982,1558427.021,
9:36:30,1.606162646,1569970.354,
9:36:35,1.559174617,1582065.714,
9:36:40,1.55096336,1593355.457,
9:36:45,1.568627284,1605296.589,
9:36:50,1.519014184,1616274.639,
9:36:55,1.516379122,1627505.039,
9:37:00,1.463607626,1638257.732,
9:37:05,1.586772992,1652009.525,
9:37:10,1.648962265,1664640.457,
9:37:15,1.705522535,1676666.914,
9:37:20,1.598148829,1688000.6,
9:37:25,1.543539482,1699401.704,
9:37:30,1.521038691,1710921.432,
9:37:35,1.503367313,1721857.15,
9:37:40,1.492595688,1733015.671,
9:37:45,1.478012453,1744206.979,
9:37:50,1.418067803,1753792.714,
9:37:55,1.40751804,1764713.65,
9:38:00,1.364472454,1774935.55,
9:38:05,1.544066463,1788565.829,
9:38:10,1.574185876,1800165.068,
9:38:15,1.631464064,1811676.9,
9:38:20,1.508614126,1822540.539,
9:38:25,1.494580231,1833823.729,
9:38:30,1.455496913,1844455.386,
9:38:35,1.430760537,1854761.95,
9:38:40,1.373952874,1864765.804,
9:38:45,1.385536458,1875658.329,
9:38:50,1.395381466,1886186.607,
9:38:55,1.401119736,1896319.689,
9:39:00,1.35676106,1906213.236,
9:39:05,1.407749416,1917889.796,
9:39:10,1.484604866,1929753.7,
9:39:15,1.593651176,1942103.021,
9:39:20,1.527250656,1952284.211,
9:39:25,1.482957,1963150.6,
9:39:30,1.386439922,1973326.311,
9:39:35,1.3761994,1983276.879,
9:39:40,1.289151957,1992182.918,
9:39:45,1.269029002,2001905.45,
9:39:50,1.276114141,2012015.579,
9:39:55,1.351996032,2022630.514,
9:40:00,1.349940759,2032306.761,
9:40:05,1.535654595,2046599.254,
9:40:10,1.578088673,2058169.825,
9:40:15,1.684414285,2070240.575,
9:40:20,1.529788347,2081050.818,
9:40:25,1.542593359,2092909.764,
9:40:30,1.503468333,2104099.4,
9:40:35,1.55493768,2116068.757,
9:40:40,1.547036458,2127749.764,
9:40:45,1.578777411,2139654.221,
9:40:50,1.513915015,2150162.846,
9:40:55,1.436863237,2160108.611,
9:41:00,1.348942144,2170033.043,
9:41:05,1.50984713,2184165.325,
9:41:10,1.546325677,2194932.604,
9:41:15,1.599730722,2206059.743,
9:41:20,1.483711393,2217579.214,
9:41:25,1.485084588,2228377.418,
9:41:30,1.457966411,2238893.843,
9:41:35,1.439854007,2250005.414,
9:41:40,1.365985997,2259140.075,
9:41:45,1.327457254,2268788.814,
9:41:50,1.249386244,2278142.189,
9:41:55,1.279160733,2287947.386,
9:42:00,1.225606141,2296390.05,
9:42:05,1.359119866,2308750.218,
9:42:10,1.391576992,2319286.364,
9:42:15,1.537336556,2331011.604,
9:42:20,1.466481677,2341776.086,
9:42:25,1.462327997,2352218.689,
9:42:30,1.344240075,2361284.532,
9:42:35,1.290940488,2370848.682,
9:42:40,1.257289844,2380533.457,
9:42:45,1.315854797,2390918.211,
9:42:50,1.329751673,2400795.325,
9:42:55,1.307669073,2409982.789,
9:43:00,1.28311967,2419814.679,
9:43:05,1.331066826,2430771.586,
9:43:10,1.367935334,2440789.346,
9:43:15,1.404915805,2451454.054,
9:43:20,1.342474221,2461004.746,
9:43:25,1.326956122,2470673.032,
9:43:30,1.294651238,2480610.218,
9:43:35,1.33251408,2491013.6,
9:43:40,1.353476272,2501153.964,
9:43:45,1.355903111,2511145.804,
9:43:50,1.308645169,2520484.914,
9:43:55,1.272868365,2529819.568,
9:44:00,1.233216357,2538918.425,
9:44:05,1.321561033,2550247.1,
9:44:10,1.347746249,2560171.457,
9:44:15,1.347489974,2569264.543,
9:44:20,1.255278818,2578516.579,
9:44:25,1.226807904,2587799.757,
9:44:30,1.215656149,2596641.7,
9:44:35,1.196387654,2605459.8,
9:44:40,1.220652554,2615289.436,
9:44:45,1.22724576,2624279.861,
9:44:50,1.244632792,2633489.525,
9:44:55,1.178577038,2641831.554,
9:45:00,1.149254994,2650161.632,
9:45:05,1.610008828,2669747.693,
9:45:10,1.757559143,2681412.625,
9:45:15,1.909613613,2693167.043,
9:45:20,1.5619061,2704922.564,
9:45:25,1.487540448,2714912.746,
9:45:30,1.420216641,2725151,
9:45:35,1.335786498,2735005.114,
9:45:40,1.391395887,2746247.646,
9:45:45,1.502451797,2758986.932,
9:45:50,1.528896143,2769436.586,
9:45:55,1.479969402,2779577.264,
9:46:00,1.317756876,2788663.446,
9:46:05,1.390141315,2800743.232,
9:46:10,1.457298765,2812396.329,
9:46:15,1.507186219,2822606,
9:46:20,1.473694319,2833931.532,
9:46:25,1.427300987,2844539.829,
9:46:30,1.471083838,2855735.511,
9:46:35,1.390736012,2865251.571,
9:46:40,1.329531715,2874481.518,
9:46:45,1.244642942,2883765.464,
9:46:50,1.298458408,2894493.475,
9:46:55,1.286462976,2903453.279,
9:47:00,1.265743738,2912270.618,
9:47:05,1.334036345,2924536.611,
9:47:10,1.408236433,2935167.436,
9:47:15,1.480283719,2945607.314,
9:47:20,1.36892491,2955365.454,
9:47:25,1.299214228,2964426.361,
9:47:30,1.252805354,2973821.089,
9:47:35,1.238346767,2983253.614,
9:47:40,1.248780129,2992549.486,
9:47:45,1.259772347,3002191.764,
9:47:50,1.255344314,3011524.568,
9:47:55,1.226825349,3020178.179,
9:48:00,1.196460603,3029136.629,
9:48:05,1.442796567,3044017.036,
9:48:10,1.5218137,3054450.15,
9:48:15,1.530068092,3063594.493,
9:48:20,1.264591929,3072496.25,
9:48:25,1.194901546,3081359.904,
9:48:30,1.154384136,3089591.775,
9:48:35,1.153004439,3098462.461,
9:48:40,1.179102433,3107913.854,
9:48:45,1.201241807,3116644.314,
9:48:50,1.19039644,3125270.757,
9:48:55,1.126384698,3133280.575,
9:49:00,1.115796715,3141772.589,
9:49:05,1.167992544,3151574.507,
9:49:10,1.273114173,3161951.714,
9:49:15,1.313851383,3171361.15,
9:49:20,1.276794157,3180328.521,
9:49:25,1.24244859,3189932.25,
9:49:30,1.203547804,3198465.621,
9:49:35,1.182874397,3206967.418,
9:49:40,1.150568244,3215843.596,
9:49:45,1.198181577,3225449.243,
9:49:50,1.198128133,3233949.836,
9:49:55,1.187974676,3242597.354,
9:50:00,1.128790604,3250870.146,
9:50:05,1.452018016,3266649.975,
9:50:10,1.532672706,3277113.875,
9:50:15,1.588130645,3286635.607,
9:50:20,1.351535974,3297087.211,
9:50:25,1.336254644,3307206.968,
9:50:30,1.314169982,3316231.343,
9:50:35,1.307473854,3326532.146,
9:50:40,1.299135887,3336464.129,
9:50:45,1.410326436,3347992.568,
9:50:50,1.376733042,3357536.832,
9:50:55,1.347641741,3366813.664,
9:51:00,1.227018506,3375625.611,
9:51:05,1.293261075,3386661.689,
9:51:10,1.330059013,3396767.229,
9:51:15,1.352773736,3406090.721,
9:51:20,1.236235197,3414502.296,
9:51:25,1.190403735,3423575.689,
9:51:30,1.151673111,3432026.95,
9:51:35,1.170057807,3440852.557,
9:51:40,1.131704935,3449062.225,
9:51:45,1.137442729,3457642.704,
9:51:50,1.106694682,3465775.85,
9:51:55,1.142734421,3474797.15,
9:52:00,1.118669973,3482835.686,
9:52:05,1.186017885,3492485.539,
9:52:10,1.202588042,3501880.007,
9:52:15,1.227028814,3510468.961,
9:52:20,1.192336103,3519337.518,
9:52:25,1.148605585,3527747.154,
9:52:30,1.168637988,3536787.246,
9:52:35,1.183813859,3545997.571,
9:52:40,1.21680653,3555150.218,
9:52:45,1.212697889,3564097.782,
9:52:50,1.201838566,3573063.55,
9:52:55,1.152875509,3581113.525,
9:53:00,1.115382172,3589216.721,
9:53:05,1.147323578,3598901.825,
9:53:10,1.194442757,3608012.946,
9:53:15,1.246884394,3617297.154,
9:53:20,1.210202224,3626156.157,
9:53:25,1.183307177,3634661.589,
9:53:30,1.16532069,3643540.732,
9:53:35,1.160770704,3652297.268,
9:53:40,1.20102502,3661709.246,
9:53:45,1.187968173,3670294.343,
9:53:50,1.145872834,3678102.871,
9:53:55,1.082656083,3686091.179,
9:54:00,1.03937484,3693701.561,
9:54:05,1.102333571,3702927.95,
9:54:10,1.138781828,3711737.089,
9:54:15,1.206521922,3720873.011,
9:54:20,1.159299345,3729035.925,
9:54:25,1.121990919,3737004.861,
9:54:30,1.073636356,3745051.814,
9:54:35,1.051319365,3752712.139,
9:54:40,1.032865209,3760265.479,
9:54:45,1.046299965,3768614.989,
9:54:50,1.031754632,3775947.746,
9:54:55,1.037492426,3783630.304,
9:55:00,0.989224133,3790892.789,
9:55:05,1.134144778,3801489.229,
9:55:10,1.233810578,3811416.307,
9:55:15,1.327581585,3820790.561,
9:55:20,1.278365425,3830278.629,
9:55:25,1.257019456,3839724.986,
9:55:30,1.212689484,3848100.907,
9:55:35,1.207117729,3857463.496,
9:55:40,1.204618734,3866853.575,
9:55:45,1.281382679,3876958.257,
9:55:50,1.252755876,3885676.157,
9:55:55,1.247415498,3894945.968,
9:56:00,1.188663255,3903727.521,
9:56:05,1.23471309,3913482.486,
9:56:10,1.170951914,3921316.364,
9:56:15,1.131019527,3929198.621,
9:56:20,1.02436374,3936551.646,
9:56:25,1.052811817,3945026.189,
9:56:30,1.067405043,3953237.093,
9:56:35,1.079713682,3960867.314,
9:56:40,1.028644923,3968191.764,
9:56:45,1.017810339,3976158.668,
9:56:50,1.024131411,3983931.243,
9:56:55,1.004839604,3990821.232,
9:57:00,0.978270928,3998189.796,
9:57:05,1.052965486,4007644.529,
9:57:10,1.141696635,4016532.786,
9:57:15,1.169672127,4024531.371,
9:57:20,1.115415633,4032764.221,
9:57:25,1.09861854,4041274.2,
9:57:30,1.066811773,4048556.482,
9:57:35,1.075797088,4056991.686,
9:57:40,1.054566252,4065023.536,
9:57:45,1.052542538,4072260.243,
9:57:50,1.025016637,4080075.55,
9:57:55,0.989340694,4087303.961,
9:58:00,0.974642642,4094209.661,
9:58:05,0.981248535,4102173.736,
9:58:10,1.027551315,4110444.907,
9:58:15,1.116213637,4119347.325,
9:58:20,1.100449096,4126956.375,
9:58:25,1.054119991,4134184.193,
9:58:30,0.983611305,4141498.721,
9:58:35,0.950934378,4148371.871,
9:58:40,0.955052535,4155692.432,
9:58:45,0.949747681,4162887.493,
9:58:50,0.939058362,4169519.914,
9:58:55,0.941567665,4176896.986,
9:59:00,0.910440915,4183391.057,
9:59:05,0.98652532,4191736.936,
9:59:10,1.00943669,4199629.982,
9:59:15,1.056954713,4207194.182,
9:59:20,1.011445338,4214515.168,
9:59:25,0.98555636,4221825.182,
9:59:30,0.949851872,4228585.3,
9:59:35,0.946740101,4235836.207,
9:59:40,0.96574677,4243574.261,
9:59:45,1.017216594,4251493.504,
9:59:50,1.002355674,4258409.736,
9:59:55,1.035974284,4266904.896,
10:00:00,1.184236015,4278163.064,
10:00:05,2.331202298,4310909.525,
10:00:10,2.868231633,4331498.843,
10:00:15,3.155895857,4349235.346,
10:00:20,2.321284975,4363185.971,
10:00:25,1.972395997,4375918.143,
10:00:30,1.743762335,4388505.707,
10:00:35,1.690143991,4401248.821,
10:00:40,1.639607604,4412842.889,
10:00:45,1.653101831,4425734.35,
10:00:50,1.575789655,4436736.357,
10:00:55,1.556375419,4447893.207,
10:01:00,1.449779577,4458384.079,
10:01:05,1.611721873,4473033.104,
10:01:10,1.632443807,4484656.621,
10:01:15,1.703144699,4496739.711,
10:01:20,1.547151116,4507875.686,
10:01:25,1.502143348,4518485.607,
10:01:30,1.507788528,4530695.829,
10:01:35,1.490901992,4541451.511,
10:01:40,1.495746154,4552170.525,
10:01:45,1.386449913,4561919.343,
10:01:50,1.352863813,4571918.65,
10:01:55,1.335217968,4582240.271,
10:02:00,1.305652971,4591323.271,
10:02:05,1.399632518,4603439.043,
10:02:10,1.423395653,4614295.821,
10:02:15,1.504451565,4625204.239,
10:02:20,1.422667585,4635478.196,
10:02:25,1.379516857,4645363.2,
10:02:30,1.324361024,4655029.482,
10:02:35,1.284420232,4664403.954,
10:02:40,1.263668325,4673821.614,
10:02:45,1.264746709,4683512.182,
10:02:50,1.302140454,4693728.779,
10:02:55,1.321908018,4703591.614,
10:03:00,1.281599624,4712374.418,
10:03:05,1.327540987,4723625.636,
10:03:10,1.339839794,4733765.446,
10:03:15,1.398268204,4743864.086,
10:03:20,1.346974253,4753960.139,
10:03:25,1.342851656,4764007.107,
10:03:30,1.334188588,4773910.65,
10:03:35,1.302444304,4783291.807,
10:03:40,1.245991873,4792067.439,
10:03:45,1.17938535,4800470.971,
10:03:50,1.141686486,4809003.132,
10:03:55,1.135142124,4817631.382,
10:04:00,1.130711236,4825935.129,
10:04:05,1.216627646,4836402.168,
10:04:10,1.241198299,4845583.761,
10:04:15,1.288623708,4854955.55,
10:04:20,1.266802298,4864931.161,
10:04:25,1.306617173,4875009.404,
10:04:30,1.266886983,4883486.45,
10:04:35,1.200800146,4891973.754,
10:04:40,1.112469902,4900062.757,
10:04:45,1.148303638,4909346.796,
10:04:50,1.16506505,4918211.575,
10:04:55,1.163823799,4926272.625,
10:05:00,1.092880746,4933958.993,
10:05:05,1.268010881,4946767.786,
10:05:10,1.346839138,4956604.086,
10:05:15,1.423925805,4966026.482,
10:05:20,1.299575804,4976034.854,
10:05:25,1.352728857,4987068.186,
10:05:30,1.321616379,4995789.914,
10:05:35,1.288707917,5005057.171,
10:05:40,1.177036218,5013575.604,
10:05:45,1.213148114,5023110.589,
10:05:50,1.22507805,5032646.514,
10:05:55,1.230917814,5041296.461,
10:06:00,1.165008117,5049347.129,
10:06:05,1.231528211,5060381.118,
10:06:10,1.243996546,5069311.857,
10:06:15,1.316550513,5078996.475,
10:06:20,1.194294162,5087277.193,
10:06:25,1.195814524,5096242.171,
10:06:30,1.137026917,5104602.864,
10:06:35,1.160728045,5113417.343,
10:06:40,1.122374855,5121518.589,
10:06:45,1.161579175,5130762.182,
10:06:50,1.091651072,5138001.846,
10:06:55,1.063340964,5145465.536,
10:07:00,0.980859524,5152851.607,
10:07:05,1.131327818,5163479.889,
10:07:10,1.235669046,5173293.393,
10:07:15,1.295339976,5182023.282,
10:07:20,1.19784585,5190455.95,
10:07:25,1.161970247,5199461.518,
10:07:30,1.165465162,5208270.114,
10:07:35,1.15403715,5216445.418,
10:07:40,1.111374867,5224490.211,
10:07:45,1.073016127,5232434.95,
10:07:50,1.057156751,5240253.093,
10:07:55,1.026861625,5247615.625,
10:08:00,1.033100867,5255700.875,
10:08:05,1.078513187,5264541.725,
10:08:10,1.176661163,5274114.596,
10:08:15,1.292470366,5284807.925,
10:08:20,1.364379047,5295268.193,
10:08:25,1.397476861,5305586.443,
10:08:30,1.353402212,5315287.189,
10:08:35,1.282189881,5324143.721,
10:08:40,1.188765067,5332358,
10:08:45,1.18642101,5342005.957,
10:08:50,1.219003896,5351596.271,
10:08:55,1.264292677,5360830.475,
10:09:00,1.184272172,5368676.332,
10:09:05,1.137446852,5377212.118,
10:09:10,1.128169899,5386237.4,
10:09:15,1.142816727,5394413.111,
10:09:20,1.117323738,5402374.782,
10:09:25,1.071047918,5410357.911,
10:09:30,1.066024236,5418420.486,
10:09:35,1.105379212,5427268.45,
10:09:40,1.071645787,5434491.886,
10:09:45,1.072156274,5442565.957,
10:09:50,0.999175553,5449770.361,
10:09:55,1.030024302,5457688.525,
10:10:00,1.007086448,5465246.025,
10:10:05,1.203835478,5476881.311,
10:10:10,1.27119576,5486316.461,
10:10:15,1.416405824,5497144.161,
10:10:20,1.371729183,5507773.307,
10:10:25,1.388744174,5517591.643,
10:10:30,1.272938777,5525811.35,
10:10:35,1.198829875,5534771.529,
10:10:40,1.164074998,5543807.168,
10:10:45,1.215530232,5553185.671,
10:10:50,1.189363887,5561556.571,
10:10:55,1.211369732,5571087.793,
10:11:00,1.229821193,5580881.832,
10:11:05,1.323887328,5591371.146,
10:11:10,1.392201662,5602440.839,
10:11:15,1.470648996,5614001.55,
10:11:20,1.384762242,5622556.654,
10:11:25,1.262984503,5630883.854,
10:11:30,1.163299672,5640199.614,
10:11:35,1.186172348,5649269.821,
10:11:40,1.182329179,5657510.471,
10:11:45,1.140202915,5665877.529,
10:11:50,1.098179099,5674001.339,
10:11:55,1.165304197,5683753.679,
10:12:00,1.189813954,5692672.707,
10:12:05,1.300654663,5703292.704,
10:12:10,1.28367694,5712662.696,
10:12:15,1.300072812,5721950.968,
10:12:20,1.193827603,5730178.271,
10:12:25,1.197908175,5739640.161,
10:12:30,1.14092686,5747645.186,
10:12:35,1.167326325,5756467.018,
10:12:40,1.16159091,5765799.743,
10:12:45,1.182453034,5774274.593,
10:12:50,1.210925216,5783737.632,
10:12:55,1.155631255,5791825.111,
10:13:00,1.141049129,5799971.564,
10:13:05,1.147937939,5809589.743,
10:13:10,1.199810253,5818845.411,
10:13:15,1.271981077,5828617.186,
10:13:20,1.219430491,5837051.9,
10:13:25,1.166989489,5845126.571,
10:13:30,1.113994229,5853704.868,
10:13:35,1.113327217,5862124.561,
10:13:40,1.08718022,5869610.389,
10:13:45,1.062682674,5877636.989,
10:13:50,1.073902939,5886309.368,
10:13:55,1.095890071,5894290.357,
10:14:00,1.080039417,5901959.993,
10:14:05,1.06743676,5910348.554,
10:14:10,1.103511388,5919141.961,
10:14:15,1.152948141,5927924.936,
10:14:20,1.188254104,5937108.604,
10:14:25,1.129573066,5944580.486,
10:14:30,1.079272813,5952230.675,
10:14:35,1.033351908,5960380.182,
10:14:40,0.999809737,5967096.679,
10:14:45,0.984296872,5974397.511,
10:14:50,0.943302911,5981623.814,
10:14:55,0.966233946,5988856.729,
10:15:00,0.96156962,5996052.518,
10:15:05,1.141487778,6007330.664,
10:15:10,1.249730058,6017001.246,
10:15:15,1.380515631,6027142.389,
10:15:20,1.294252236,6036477.843,
10:15:25,1.295454158,6046175.493,
10:15:30,1.248668326,6055262.996,
10:15:35,1.215700236,6063855.993,
10:15:40,1.168236132,6072484.729,
10:15:45,1.234823308,6083071.807,
10:15:50,1.355194866,6094375.629,
10:15:55,1.445146333,6105030.114,
10:16:00,1.353584744,6113555.182,
10:16:05,1.270460715,6122987.011,
10:16:10,1.168865242,6131353.518,
10:16:15,1.141325544,6139258.379,
10:16:20,1.092637475,6147593.729,
10:16:25,1.050396079,6155008.939,
10:16:30,1.014239462,6162099.536,
10:16:35,0.982501997,6169720.143,
10:16:40,0.974558592,6176956.464,
10:16:45,1.007329877,6184785.086,
10:16:50,0.992080106,6192062.261,
10:16:55,0.987233088,6199189.425,
10:17:00,0.974200505,6206724.546,
10:17:05,1.123558064,6217365.325,
10:17:10,1.159605574,6225304.296,
10:17:15,1.20802706,6233929.893,
10:17:20,1.096439888,6242057.675,
10:17:25,1.144147421,6251071.043,
10:17:30,1.149808935,6259824.139,
10:17:35,1.136876578,6267660.679,
10:17:40,1.05573265,6274846.646,
10:17:45,0.983489353,6281972.789,
10:17:50,0.974828029,6289614.271,
10:17:55,0.984087221,6297008.761,
10:18:00,0.989634078,6304259.821,
10:18:05,1.021867123,6312627.207,
10:18:10,1.047375653,6320596.161,
10:18:15,1.088649359,6328776.725,
10:18:20,1.062615117,6336557.807,
10:18:25,1.049251406,6344225.804,
10:18:30,1.003039021,6351365.643,
10:18:35,1.002902161,6359143.643,
10:18:40,0.985056339,6366409.743,
10:18:45,1.014126073,6374204.246,
10:18:50,0.934687736,6380193.257,
10:18:55,0.910208745,6386908.079,
10:19:00,0.873990914,6393886.939,
10:19:05,0.987592127,6402434.304,
10:19:10,1.018338271,6409841.543,
10:19:15,1.064327527,6417856.104,
10:19:20,1.017149195,6425340.989,
10:19:25,1.029427861,6433024.75,
10:19:30,0.999911867,6440374.596,
10:19:35,0.977913317,6447364.064,
10:19:40,0.95785887,6454596.189,
10:19:45,0.933819796,6461404.664,
10:19:50,0.880787427,6467199.818,
10:19:55,0.856482246,6473884.579,
10:20:00,0.851754644,6480586.586,
10:20:05,1.063187294,6491143.304,
10:20:10,1.12657516,6499255.589,
10:20:15,1.14755321,6506430.032,
10:20:20,1.03105178,6514363.082,
10:20:25,0.983639375,6521407.618,
10:20:30,0.946867445,6527753.939,
10:20:35,0.944176878,6535626.396,
10:20:40,0.944249827,6542672.575,
10:20:45,1.017160771,6550660.886,
10:20:50,0.987915166,6557874.718,
10:20:55,1.004030499,6565283.821,
10:21:00,0.995205991,6573073.4,
10:21:05,1.046894979,6581451.293,
10:21:10,1.061988861,6589200.318,
10:21:15,1.027488832,6596212.939,
10:21:20,0.952669783,6602905.871,
10:21:25,0.911730693,6609732.929,
10:21:30,0.964990792,6617944.993,
10:21:35,0.954067083,6624391.918,
10:21:40,1.033762487,6633013.754,
10:21:45,1.002136033,6640513.575,
10:21:50,1.072638058,6648548.239,
10:21:55,0.993803299,6655394.679,
10:22:00,0.997318513,6662973.664,
10:22:05,1.011653086,6671331.15,
10:22:10,1.042935409,6678882.082,
10:22:15,1.048711422,6686591.146,
10:22:20,0.999510169,6693840.596,
10:22:25,1.010171894,6701631.636,
10:22:30,1.013636994,6709418.736,
10:22:35,1.036505546,6717183.196,
10:22:40,1.028252264,6724788.368,
10:22:45,0.985255047,6731607.15,
10:22:50,0.952839946,6738641.607,
10:22:55,0.937483604,6745900.946,
10:23:00,0.958063129,6753183.189,
10:23:05,1.040620055,6762076.868,
10:23:10,1.068016074,6769953.179,
10:23:15,1.094394924,6777829.486,
10:23:20,1.014105615,6784915.011,
10:23:25,0.989261243,6792231.814,
10:23:30,0.97355966,6799754.514,
10:23:35,0.978865783,6806959.536,
10:23:40,0.934099859,6813268.189,
10:23:45,0.880065068,6819574,
10:23:50,0.886782288,6826930.296,
10:23:55,0.891788208,6833351.686,
10:24:00,0.928359369,6840481.096,
10:24:05,0.984271022,6849096.55,
10:24:10,1.092471119,6857954.657,
10:24:15,1.198475595,6867471.339,
10:24:20,1.193311723,6875970.5,
10:24:25,1.189006435,6884731.65,
10:24:30,1.10384537,6892330.464,
10:24:35,1.102897185,6900808.271,
10:24:40,1.098303588,6909465.971,
10:24:45,1.174407024,6918778.671,
10:24:50,1.196521976,6927754.518,
10:24:55,1.208022779,6936671.221,
10:25:00,1.161364608,6944933.157,
10:25:05,1.254810672,6956013.454,
10:25:10,1.258348088,6965009.821,
10:25:15,1.248513705,6973050.282,
10:25:20,1.121255715,6981264.668,
10:25:25,1.097689861,6989730.321,
10:25:30,1.077117632,6997307.486,
10:25:35,1.054046249,7005002.293,
10:25:40,0.985478178,7011923.761,
10:25:45,0.975204195,7019269.55,
10:25:50,0.948749066,7026368.575,
10:25:55,0.941990772,7033137.843,
10:26:00,0.940455027,7040449.046,
10:26:05,1.019305803,7049323.829,
10:26:10,1.070194251,7057239.129,
10:26:15,1.087520862,7064940.536,
10:26:20,1.027867852,7072471.904,
10:26:25,1.005514545,7079883.796,
10:26:30,0.99415425,7087329.364,
10:26:35,1.024408302,7095542.068,
10:26:40,1.015363835,7102750.275,
10:26:45,0.987641605,7109571.525,
10:26:50,0.94209084,7116758.404,
10:26:55,0.926205932,7123608.875,
10:27:00,0.892805537,7129677.932,
10:27:05,0.9925427,7139110.939,
10:27:10,1.031111249,7146829.993,
10:27:15,1.091028464,7154248.414,
10:27:20,1.010078645,7161858.393,
10:27:25,1.011991666,7169620.529,
10:27:30,1.020062892,7177220.718,
10:27:35,0.997401294,7184320.346,
10:27:40,0.930734826,7190581.121,
10:27:45,0.909808633,7197710.043,
10:27:50,0.888329769,7204325.957,
10:27:55,0.916033444,7211210.632,
10:28:00,0.921531456,7218463.371,
10:28:05,1.014080876,7227163.543,
10:28:10,1.099179458,7235964.679,
10:28:15,1.164885213,7244697.143,
10:28:20,1.196043522,7254099.014,
10:28:25,1.242795576,7263953.029,
10:28:30,1.240118171,7272625.196,
10:28:35,1.200907033,7281144.014,
10:28:40,1.126680778,7289326.418,
10:28:45,1.102092362,7297444.843,
10:28:50,1.089447046,7305678.882,
10:28:55,1.083120423,7313718.807,
10:29:00,1.026772658,7320568.254,
10:29:05,1.005604305,7328325.571,
10:29:10,0.998119212,7336196.929,
10:29:15,1.032384694,7343818.05,
10:29:20,0.991934048,7350664.4,
10:29:25,0.992432325,7358546.979,
10:29:30,0.97051957,7365674.614,
10:29:35,0.968745153,7372481.004,
10:29:40,0.921885261,7379308.275,
10:29:45,0.891816913,7385758.757,
10:29:50,0.960949073,7394122.036,
10:29:55,0.976939124,7401309.411,
10:30:00,1.046048924,7409316.279,
10:30:05,1.231251796,7421850.414,
10:30:10,1.31903365,7431014.679,
10:30:15,1.361582069,7439979.757,
10:30:20,1.218912074,7449300.896,
10:30:25,1.194794659,7457922.025,
10:30:30,1.157670827,7466051.057,
10:30:35,1.146823874,7475127.918,
10:30:40,1.111993827,7482964.657,
10:30:45,1.200057488,7493076.925,
10:30:50,1.179876015,7501699.289,
10:30:55,1.175479064,7509437.007,
10:31:00,1.10849923,7518040.857,
10:31:05,1.198841294,7528697.768,
10:31:10,1.232445947,7537192.279,
10:31:15,1.221296254,7545545.032,
10:31:20,1.151544974,7554631.111,
10:31:25,1.154172899,7563184.804,
10:31:30,1.146755047,7571370.504,
10:31:35,1.146096282,7580441.746,
10:31:40,1.11916936,7588389.032,
10:31:45,1.050645693,7595031.546,
10:31:50,0.959290266,7602045.421,
10:31:55,0.972859503,7610298.293,
10:32:00,1.048925195,7618653.843,
10:32:05,1.103690115,7626901.05,
10:32:10,1.169321811,7636631.979,
10:32:15,1.27196506,7647299.104,
10:32:20,1.31213485,7656450.954,
10:32:25,1.287496797,7665627.021,
10:32:30,1.186735327,7674024.95,
10:32:35,1.140260482,7682130.164,
10:32:40,1.087224465,7690111.836,
10:32:45,1.131087561,7699497.582,
10:32:50,1.174933846,7708590.236,
10:32:55,1.233705753,7717895.479,
10:33:00,1.163339319,7725696.539,
10:33:05,1.140373395,7734271.989,
10:33:10,1.046784445,7741469.564,
10:33:15,1.056986906,7749500.389,
10:33:20,0.994769563,7756674.675,
10:33:25,1.021239916,7764468.375,
10:33:30,0.993510074,7771874.711,
10:33:35,0.99686353,7779124.518,
10:33:40,0.980374727,7786546.882,
10:33:45,0.99406005,7794261.418,
10:33:50,1.017199783,7802032.343,
10:33:55,1.011090899,7809317.132,
10:34:00,1.011159884,7817033.221,
10:34:05,1.042985046,7825520.864,
10:34:10,1.088057041,7833820.696,
10:34:15,1.072751447,7841192.096,
10:34:20,1.049715746,7849160.964,
10:34:25,0.990422249,7856125.479,
10:34:30,0.935375364,7862257.196,
10:34:35,0.919959553,7869878.893,
10:34:40,0.943849398,7877381.418,
10:34:45,0.984588828,7884430.607,
10:34:50,0.98041136,7891958.225,
10:34:55,0.959917473,7898999.218,
10:35:00,1.000557311,7906963.636,
10:35:05,1.072184661,7916104.336,
10:35:10,1.116916331,7924152.707,
10:35:15,1.1139817,7932051.036,
10:35:20,1.070166815,7940205.004,
10:35:25,1.041196674,7947600.954,
10:35:30,1.01497974,7954908.864,
10:35:35,0.991790686,7962540.604,
10:35:40,0.98912137,7969876.439,
10:35:45,1.018958659,7977856.3,
10:35:50,0.97906354,7984589.582,
10:35:55,0.958494799,7991462.2,
10:36:00,0.912771492,7998412.35,
10:36:05,0.995174908,8007001.396,
10:36:10,1.047130797,8015044.086,
10:36:15,1.092348532,8023012.561,
10:36:20,1.062971776,8030940.029,
10:36:25,1.035106819,8038355.186,
10:36:30,1.05072784,8046675.454,
10:36:35,1.10100716,8055735.236,
10:36:40,1.100311444,8063134.725,
10:36:45,1.041323701,8070126.561,
10:36:50,0.948078882,8077086.425,
10:36:55,0.923961942,8083942.789,
10:37:00,0.901172366,8090421.393,
10:37:05,0.956939707,8098637.164,
10:37:10,1.01313618,8106759.1,
10:37:15,1.04106251,8113866.618,
10:37:20,0.988007146,8120887.557,
10:37:25,0.909566314,8127242.968,
10:37:30,0.887151476,8133845.693,
10:37:35,0.884995502,8140818.079,
10:37:40,0.881777795,8147101.025,
10:37:45,0.882670158,8153723.846,
10:37:50,0.863335532,8160260.807,
10:37:55,0.885426697,8167041.257,
10:38:00,0.921115644,8174467.811,
10:38:05,1.018543957,8183198.904,
10:38:10,1.09502895,8191701.832,
10:38:15,1.090929823,8199036.071,
10:38:20,1.016869608,8206099.293,
10:38:25,0.966361132,8213464.746,
10:38:30,0.996203654,8221471.054,
10:38:35,1.007880646,8228797.246,
10:38:40,0.966466909,8235230.043,
10:38:45,0.928490678,8242381.107,
10:38:50,0.901299235,8249094.936,
10:38:55,0.908568968,8255691.45,
10:39:00,0.893918968,8262512.589,
10:39:05,0.965785148,8270844.879,
10:39:10,0.981135622,8277787.093,
10:39:15,0.996481338,8284953.825,
10:39:20,0.947751085,8292188.686,
10:39:25,0.943568225,8299036.7,
10:39:30,0.90299531,8305289.711,
10:39:35,0.875858897,8311913.446,
10:39:40,0.874190098,8318723.879,
10:39:45,0.897880917,8325510.418,
10:39:50,0.881495195,8331765.139,
10:39:55,0.867339666,8338256.782,
10:40:00,0.87337465,8345179.232,
10:40:05,1.030526385,8354973.086,
10:40:10,1.097141313,8362964.929,
10:40:15,1.140846139,8370871.632,
10:40:20,1.078834641,8379268.957,
10:40:25,1.077131905,8387222.454,
10:40:30,1.046301551,8394434.843,
10:40:35,0.991531716,8401598.725,
10:40:40,0.939672723,8408384.332,
10:40:45,0.967590489,8416225.443,
10:40:50,0.980265303,8423674.768,
10:40:55,0.98654324,8430601.757,
10:41:00,0.949807785,8437615.568,
10:41:05,0.94891003,8445044.675,
10:41:10,0.973381092,8452522.764,
10:41:15,0.957229284,8459172.829,
10:41:20,0.956030058,8466574.929,
10:41:25,0.963314857,8474217.075,
10:41:30,0.958258665,8480753.271,
10:41:35,0.917202539,8487230.768,
10:41:40,0.882114473,8494082.714,
10:41:45,0.873845491,8500432.689,
10:41:50,0.899347043,8507484.493,
10:41:55,0.892677875,8514186.246,
10:42:00,0.905727586,8520830.107,
10:42:05,0.929619333,8528419.964,
10:42:10,0.981003996,8536278.925,
10:42:15,1.019373044,8543786.875,
10:42:20,1.015540658,8551290.425,
10:42:25,0.982209248,8558398.746,
10:42:30,0.938875988,8564930.811,
10:42:35,0.931052156,8572258.164,
10:42:40,0.895565564,8578567.311,
10:42:45,0.91109302,8585449.061,
10:42:50,0.889866941,8592298.393,
10:42:55,0.951311654,8599991.304,
10:43:00,0.956889118,8606998.661,
10:43:05,1.032487933,8615550.514,
10:43:10,1.04643968,8623557.625,
10:43:15,1.095887533,8631678.571,
10:43:20,1.019237611,8638504.232,
10:43:25,0.969181264,8645384.05,
10:43:30,0.935421989,8652744.721,
10:43:35,0.946124946,8659811.418,
10:43:40,0.940464384,8666563.757,
10:43:45,0.915854401,8673370.2,
10:43:50,0.862048608,8679225.164,
10:43:55,0.854403661,8685805.336,
10:44:00,0.864078348,8692829.657,
10:44:05,0.92957826,8700159.711,
10:44:10,0.948787919,8707172.493,
10:44:15,0.942576112,8714056.921,
10:44:20,0.891991991,8720247.796,
10:44:25,0.921488955,8727924.864,
10:44:30,0.884979167,8733987.075,
10:44:35,0.889116196,8740271.118,
10:44:40,0.834477352,8746717.693,
10:44:45,0.809811071,8752224.407,
10:44:50,0.789189046,8758044.032,
10:44:55,0.758237533,8763793.564,
10:45:00,0.810255112,8770471.739,
10:45:05,0.936279621,8779129.496,
10:45:10,0.97996288,8785862.796,
10:45:15,0.981183832,8792568.468,
10:45:20,0.886339517,8799090.286,
10:45:25,0.886731224,8805832.407,
10:45:30,0.915473953,8813185.379,
10:45:35,0.951061406,8820508.643,
10:45:40,0.924838288,8826660.207,
10:45:45,1.005786361,8835836.168,
10:45:50,0.988304653,8842765.736,
10:45:55,1.030229036,8849861.457,
10:46:00,0.923306824,8856629.479,
10:46:05,1.03549805,8866085.646,
10:46:10,1.077126354,8874118.857,
10:46:15,1.097958347,8881356.025,
10:46:20,0.979892785,8888153.3,
10:46:25,0.927250537,8895000.982,
10:46:30,0.904684567,8901729.954,
10:46:35,0.882539959,8908028.521,
10:46:40,0.881216243,8914846.393,
10:46:45,0.8875749,8921718.564,
10:46:50,0.890106247,8928074.139,
10:46:55,0.862032115,8934259.768,
10:47:00,0.842121189,8940683.536,
10:47:05,0.911545465,8948602.579,
10:47:10,0.947902535,8955606.986,
10:47:15,0.998090191,8963161.004,
10:47:20,0.970450109,8970457.579,
10:47:25,0.953977799,8977091.021,
10:47:30,0.909618965,8983646.057,
10:47:35,0.871355852,8990080.929,
10:47:40,0.867257994,8996622.086,
10:47:45,0.834317022,9002435.275,
10:47:50,0.788791947,9007844.9,
10:47:55,0.786334501,9014330.714,
10:48:00,0.798118221,9020409.279,
10:48:05,0.893274951,9027961.879,
10:48:10,0.918505797,9035015.904,
10:48:15,0.945621753,9041705.132,
10:48:20,0.906012247,9048365.707,
10:48:25,0.884356401,9054932.032,
10:48:30,0.857532718,9061017.179,
10:48:35,0.840916888,9067303.557,
10:48:40,0.816146892,9073312.05,
10:48:45,0.818936734,9079460.025,
10:48:50,0.848244505,9086406.429,
10:48:55,0.851566561,9092489.736,
10:49:00,0.853539527,9098682.143,
10:49:05,0.869240317,9105982.136,
10:49:10,0.886266091,9112448.871,
10:49:15,0.891063947,9118749.329,
10:49:20,0.863804788,9125435.432,
10:49:25,0.849788972,9131586.525,
10:49:30,0.846967572,9137823.443,
10:49:35,0.836670119,9144277.643,
10:49:40,0.830271815,9150284.643,
10:49:45,0.828886726,9156490.368,
10:49:50,0.81868157,9162714.743,
10:49:55,0.822883935,9168816.382,
10:50:00,0.816030332,9174867.761,
10:50:05,0.923608455,9183514.846,
10:50:10,0.982468853,9190942.05,
10:50:15,1.042463933,9198344.546,
10:50:20,0.971379898,9205390.786,
10:50:25,0.975965883,9212921.268,
10:50:30,0.984248027,9220510.282,
10:50:35,1.00048452,9227922.175,
10:50:40,0.930992211,9233887.657,
10:50:45,0.913330983,9241078.932,
10:50:50,0.860252148,9247295.464,
10:50:55,0.872349234,9253533.379,
10:51:00,0.866511689,9260593.189,
10:51:05,0.9294257,9268226.575,
10:51:10,0.961958631,9275197.146,
10:51:15,0.934454932,9281637.561,
10:51:20,0.860989414,9287616.468,
10:51:25,0.829907226,9293887.054,
10:51:30,0.836628252,9300478.829,
10:51:35,0.825072896,9306197.504,
10:51:40,0.815687628,9312256.729,
10:51:45,0.799121435,9318475.425,
10:51:50,0.831141817,9324915.214,
10:51:55,0.859144268,9331605.068,
10:52:00,0.846645008,9337542.275,
10:52:05,0.87830762,9344695.121,
10:52:10,0.882125257,9351470.95,
10:52:15,0.917148302,9358196.893,
10:52:20,0.914085059,9365280.754,
10:52:25,0.92767412,9372362.614,
10:52:30,0.893863938,9378327.136,
10:52:35,0.840281594,9384204.296,
10:52:40,0.786638828,9390078.096,
10:52:45,0.829461917,9397007.014,
10:52:50,0.822069914,9402717.704,
10:52:55,0.818824455,9408518.414,
10:53:00,0.767133405,9414283.225,
10:53:05,0.811198697,9420986.286,
10:53:10,0.815028228,9426873.239,
10:53:15,0.839907014,9433198.332,
10:53:20,0.81642188,9439372.496,
10:53:25,0.795766552,9444794.282,
10:53:30,0.780479671,9450775.107,
10:53:35,0.795841722,9457295.232,
10:53:40,0.828047649,9463442.311,
10:53:45,0.830943584,9469488.354,
10:53:50,0.779942858,9474859.918,
10:53:55,0.756681648,9480483.143,
10:54:00,0.755329386,9486498.732,
10:54:05,0.811740427,9493140.7,
10:54:10,0.833001077,9499242.725,
10:54:15,0.835629478,9505317.507,
10:54:20,0.798735279,9511128.6,
10:54:25,0.805002273,9517371.761,
10:54:30,0.772966826,9522725.089,
10:54:35,0.760433788,9528253.932,
10:54:40,0.71649362,9533507.539,
10:54:45,0.687108142,9538199.093,
10:54:50,0.666261401,9543258.457,
10:54:55,0.652205781,9548195.525,
10:55:00,0.671453818,9553320.554,
10:55:05,0.78720593,9560986.711,
10:55:10,0.862777469,9567625.686,
10:55:15,0.919744194,9574033.632,
10:55:20,0.864936615,9580465.496,
10:55:25,0.861997385,9587038.279,
10:55:30,0.861376839,9593432.25,
10:55:35,0.872308001,9600110.289,
10:55:40,0.865713527,9606534.561,
10:55:45,0.911612706,9613962.204,
10:55:50,0.93490706,9621164.843,
10:55:55,0.939282285,9627687.646,
10:56:00,0.876726361,9633706.5,
10:56:05,0.879871277,9640979.964,
10:56:10,0.879368877,9647491.454,
10:56:15,0.890412476,9653759.014,
10:56:20,0.876692582,9660723.5,
10:56:25,0.895068715,9667648.829,
10:56:30,0.894117359,9673894.964,
10:56:35,0.87714249,9680477.168,
10:56:40,0.876345596,9687384.55,
10:56:45,0.857803107,9693213.1,
10:56:50,0.811126065,9698744.114,
10:56:55,0.730956806,9703846.046,
10:57:00,0.703324495,9709052.304,
10:57:05,0.766446253,9716004.85,
10:57:10,0.843258884,9722836.639,
10:57:15,0.882426411,9728924.968,
10:57:20,0.827852747,9734648.489,
10:57:25,0.763533031,9740031.768,
10:57:30,0.770148439,9746269.079,
10:57:35,0.799871863,9752661.986,
10:57:40,0.821835366,9758539.893,
10:57:45,0.814698845,9764616.486,
10:57:50,0.808678927,9770873.821,
10:57:55,0.7988742,9776530.921,
10:58:00,0.766166666,9781870.925,
10:58:05,0.806921955,9789046.089,
10:58:10,0.856089587,9795810.468,
10:58:15,0.908947512,9802340.857,
10:58:20,0.891442333,9809121.796,
10:58:25,0.859415132,9815164.907,
10:58:30,0.81733137,9820747.55,
10:58:35,0.751306064,9826041.568,
10:58:40,0.728851262,9831578.986,
10:58:45,0.735806202,9837318.257,
10:58:50,0.753688975,9843015.004,
10:58:55,0.766502551,9848840.989,
10:59:00,0.767283745,9854597.854,
10:59:05,0.826036622,9861617.743,
10:59:10,0.864510653,9868310.182,
10:59:15,0.878233878,9874376.1,
10:59:20,0.80946361,9879847.25,
10:59:25,0.747108138,9885135.414,
10:59:30,0.713830489,9890451.904,
10:59:35,0.705330605,9895731.632,
10:59:40,0.719486769,9901338.6,
10:59:45,0.724745158,9906773.511,
10:59:50,0.710278166,9911727.436,
10:59:55,0.693613809,9916959.114,
11:00:00,0.742511687,9923495.229,
11:00:05,1.074729805,9935930.864,
11:00:10,1.221143694,9944459.854,
11:00:15,1.291665701,9952584.157,
11:00:20,1.103600038,9960784.464,
11:00:25,1.052685265,9968166.829,
11:00:30,1.019416179,9975541.896,
11:00:35,0.995367907,9983200.625,
11:00:40,0.994721353,9990568.429,
11:00:45,1.033685097,9998820.979,
11:00:50,1.084452544,10007623.01,
11:00:55,1.08459765,10014994.09,
11:01:00,1.029451331,10022004.71,
11:01:05,1.027081742,10030753.39,
11:01:10,1.058503621,10038832.09,
11:01:15,1.094049841,10046643.24,
11:01:20,1.006400564,10053418.01,
11:01:25,0.955490074,10060350.19,
11:01:30,0.916671593,10067287.12,
11:01:35,0.90297961,10073753.54,
11:01:40,0.900459047,10080628.95,
11:01:45,0.885781136,10087235.34,
11:01:50,0.92607716,10094609.24,
11:01:55,0.935874434,10101705.29,
11:02:00,0.902669258,10107563.88,
11:02:05,0.944872594,10115888.22,
11:02:10,0.978155636,10123733.83,
11:02:15,1.033025063,10130828.1,
11:02:20,0.9824097,10138012.56,
11:02:25,0.924308294,10144549.69,
11:02:30,0.898768998,10151068.8,
11:02:35,0.900444616,10158291,
11:02:40,0.901815749,10164859.01,
11:02:45,0.877168657,10170823.06,
11:02:50,0.794928267,10176193.16,
11:02:55,0.805248081,10182993.58,
11:03:00,0.837128432,10189675.59,
11:03:05,0.943752819,10197446.93,
11:03:10,0.978502463,10205029.93,
11:03:15,0.961827322,10211336.4,
11:03:20,0.879369828,10217250.76,
11:03:25,0.79677944,10222973.78,
11:03:30,0.817962383,10229757.31,
11:03:35,0.81567954,10235620.25,
11:03:40,0.81827892,10241401.81,
11:03:45,0.783794591,10247408.74,
11:03:50,0.762277031,10252787.09,
11:03:55,0.785015384,10259080.73,
11:04:00,0.768555603,10264716.98,
11:04:05,0.814789398,10271136.54,
11:04:10,0.844410534,10278097.26,
11:04:15,0.892515007,10284816.84,
11:04:20,0.88840589,10291143.86,
11:04:25,0.899341176,10298350.85,
11:04:30,0.86663269,10304333.82,
11:04:35,0.885966999,10311096.26,
11:04:40,0.826416435,10316962.15,
11:04:45,0.819278011,10322784.35,
11:04:50,0.786143881,10328800.6,
11:04:55,0.806947328,10335134.99,
11:05:00,0.786475643,10340496.16,
11:05:05,0.844794946,10347825.79,
11:05:10,0.862667727,10354562.68,
11:05:15,0.902056799,10360810.91,
11:05:20,0.842751409,10366804.95,
11:05:25,0.80796767,10372758.49,
11:05:30,0.803974479,10378916.8,
11:05:35,0.817757331,10385221.24,
11:05:40,0.82347102,10391303.45,
11:05:45,0.827076469,10397542.96,
11:05:50,0.813837724,10403549.25,
11:05:55,0.83611824,10410133.24,
11:06:00,0.831372242,10416265.86,
11:06:05,0.882761979,10423429.47,
11:06:10,0.879171754,10429932.6,
11:06:15,0.918828361,10436958.31,
11:06:20,0.889589416,10443463.45,
11:06:25,0.846586332,10448998.13,
11:06:30,0.793013661,10454817.36,
11:06:35,0.756226506,10460494.03,
11:06:40,0.782154496,10466612.63,
11:06:45,0.768845181,10472132.12,
11:06:50,0.779838667,10478056.37,
11:06:55,0.762714728,10483789.33,
11:07:00,0.768954763,10489449.35,
11:07:05,0.833288117,10496822.42,
11:07:10,0.843801723,10502792.14,
11:07:15,0.860923601,10508837.76,
11:07:20,0.802374982,10514892.29,
11:07:25,0.969524285,10524626.29,
11:07:30,0.939067084,10529986,
11:07:35,0.900682495,10535176.09,
11:07:40,0.703072185,10540459.81,
11:07:45,0.727493609,10546369.5,
11:07:50,0.740723473,10551857.53,
11:07:55,0.791117767,10558276.16,
11:08:00,0.763439941,10563562.53,
11:08:05,0.84105803,10570798.56,
11:08:10,0.863603542,10577724.93,
11:08:15,0.932834344,10584570.41,
11:08:20,0.942687123,10592028.33,
11:08:25,0.906115169,10598131.08,
11:08:30,0.88316558,10604459.72,
11:08:35,0.815395195,10610391.41,
11:08:40,0.80260509,10616206.13,
11:08:45,0.758321901,10621537.49,
11:08:50,0.734914791,10626942.05,
11:08:55,0.737217299,10632808.61,
11:09:00,0.72930117,10637961.7,
11:09:05,0.789385534,10644719.39,
11:09:10,0.80539509,10650946.49,
11:09:15,0.892950643,10658071.38,
11:09:20,0.852555502,10663919.34,
11:09:25,0.818569767,10669381.08,
11:09:30,0.751134157,10674987.28,
11:09:35,0.735899609,10680492.15,
11:09:40,0.755025377,10686384.61,
11:09:45,0.77154003,10692362.73,
11:09:50,0.748731899,10697353.95,
11:09:55,0.704526575,10702250.88,
11:10:00,0.664750395,10707333.22,
11:10:05,0.799568964,10715360.63,
11:10:10,0.879696198,10722062.06,
11:10:15,0.937259523,10728440.75,
11:10:20,0.845438805,10734400.31,
11:10:25,0.810182955,10740307.77,
11:10:30,0.800464023,10746467.59,
11:10:35,0.817600807,10752813.08,
11:10:40,0.811506671,10758583.29,
11:10:45,0.851567354,10765645.29,
11:10:50,0.822325713,10771332.24,
11:10:55,0.830833367,10777294.05,
11:11:00,0.745700689,10782438.83,
11:11:05,0.774213787,10788767.91,
11:11:10,0.783378937,10794936.12,
11:11:15,0.820282652,10800911.98,
11:11:20,0.781503977,10806367.75,
11:11:25,0.753799509,10811912.04,
11:11:30,0.724423863,10817226.35,
11:11:35,0.741967737,10823077.22,
11:11:40,0.736533794,10828499.14,
11:11:45,0.766263879,10834482.98,
11:11:50,0.732557572,10839574.76,
11:11:55,0.756753963,10845541.6,
11:12:00,0.744457852,10851248.53,
11:12:05,0.813568604,10857896.72,
11:12:10,0.78273048,10863169.06,
11:12:15,0.780431778,10868824.23,
11:12:20,0.73249604,10874392.88,
11:12:25,0.769752926,10880504.26,
11:12:30,0.773090365,10886234.59,
11:12:35,0.769293978,10891717.75,
11:12:40,0.757092385,10897554.35,
11:12:45,0.767037936,10903508.65,
11:12:50,0.764762388,10908940.56,
11:12:55,0.752422667,10914499.26,
11:13:00,0.715901461,10919631.09,
11:13:05,0.755728388,10925959.93,
11:13:10,0.779518165,10932054.39,
11:13:15,0.834317974,10938420.33,
11:13:20,0.83080165,10944669.98,
11:13:25,0.789972777,10949844.95,
11:13:30,0.747175062,10955247.07,
11:13:35,0.701231638,10960462.05,
11:13:40,0.701916728,10965652.45,
11:13:45,0.693396388,10970862.69,
11:13:50,0.679994934,10975775.86,
11:13:55,0.687684602,10981139.44,
11:14:00,0.685600943,10986302.75,
11:14:05,0.740269918,10992447.09,
11:14:10,0.743210892,10997876.9,
11:14:15,0.757527227,11003362.63,
11:14:20,0.703520824,11008290.71,
11:14:25,0.68155748,11013225.9,
11:14:30,0.670792198,11018469.19,
11:14:35,0.682102539,11023651.99,
11:14:40,0.690823333,11028783.57,
11:14:45,0.671602255,11033593.99,
11:14:50,0.637486954,11038008.5,
11:14:55,0.636101707,11043108.89,
11:15:00,0.6332654,11047855.43,
11:15:05,0.784406256,11055673.7,
11:15:10,0.831783296,11061841.04,
11:15:15,0.893568017,11067979.01,
11:15:20,0.812241399,11073965.77,
11:15:25,0.809772218,11080077.5,
11:15:30,0.823357948,11086521.42,
11:15:35,0.860622763,11093347.4,
11:15:40,0.873502787,11099749.2,
11:15:45,0.870687888,11106129.73,
11:15:50,0.840559436,11112277.2,
11:15:55,0.821040692,11118239.43,
11:16:00,0.799834596,11124142.39,
11:16:05,0.835919849,11131102.52,
11:16:10,0.826019336,11136841.78,
11:16:15,0.839531324,11143049.03,
11:16:20,0.852527274,11150301.84,
11:16:25,0.887041735,11156818.38,
11:16:30,0.918290913,11163729.38,
11:16:35,0.866832984,11169823.33,
11:16:40,0.835200979,11175627.51,
11:16:45,0.796084675,11181657.59,
11:16:50,0.781895843,11187432,
11:16:55,0.813890533,11193956.71,
11:17:00,0.807013142,11199831.91,
11:17:05,0.823249,11205971.96,
11:17:10,0.800158586,11211976.66,
11:17:15,0.816157359,11218212.16,
11:17:20,0.815279111,11224332.44,
11:17:25,0.779403349,11229529.2,
11:17:30,0.752641832,11235162.02,
11:17:35,0.749336745,11241207.86,
11:17:40,0.756294381,11246561.31,
11:17:45,0.755447216,11252175.05,
11:17:50,0.693432387,11256824.29,
11:17:55,0.716110636,11262688.46,
11:18:00,0.731164395,11268641.22,
11:18:05,0.811554881,11275100.89,
11:18:10,0.799790033,11280700.12,
11:18:15,0.769397059,11285968.41,
11:18:20,0.704992818,11290977.66,
11:18:25,0.679111135,11295994.03,
11:18:30,0.687849848,11301459.12,
11:18:35,0.662206044,11305890.86,
11:18:40,0.685468524,11311431.1,
11:18:45,0.695958183,11317132.43,
11:18:50,0.722787257,11322168.38,
11:18:55,0.701556738,11327230.5,
11:19:00,0.72572506,11333476.1,
11:19:05,0.75716581,11339220.11,
11:19:10,0.778769799,11344768.76,
11:19:15,0.757375619,11350532.56,
11:19:20,0.763063934,11356404.68,
11:19:25,0.738036712,11361389.7,
11:19:30,0.711250139,11366550.26,
11:19:35,0.672088162,11371540.42,
11:19:40,0.67993594,11376702.19,
11:19:45,0.666823588,11381567.44,
11:19:50,0.652944156,11386245.04,
11:19:55,0.628039362,11390845.93,
11:20:00,0.685593013,11397007.33,
11:20:05,0.773544396,11403665.63,
11:20:10,0.829830153,11409534.1,
11:20:15,0.794547503,11414900.91,
11:20:20,0.759080893,11420760.49,
11:20:25,0.72416854,11425842.73,
11:20:30,0.722511635,11431172.22,
11:20:35,0.676925981,11436005.19,
11:20:40,0.689347374,11441367.16,
11:20:45,0.700533701,11446948.58,
11:20:50,0.69008908,11451546.32,
11:20:55,0.696821841,11457059.92,
11:21:00,0.677657537,11462209.75,
11:21:05,0.758573101,11468629.75,
11:21:10,0.792212326,11474900.92,
11:21:15,0.851856456,11481393.96,
11:21:20,0.828780949,11487294.29,
11:21:25,0.805618538,11493043.83,
11:21:30,0.764341184,11498607.29,
11:21:35,0.742734817,11504021.04,
11:21:40,0.734140734,11509577.03,
11:21:45,0.720417509,11514831.44,
11:21:50,0.718730315,11520207.19,
11:21:55,0.692240138,11525166.61,
11:22:00,0.695606757,11530496.83,
11:22:05,0.70921691,11536179.09,
11:22:10,0.727416061,11541548.37,
11:22:15,0.722604567,11546770.23,
11:22:20,0.705044675,11552057.03,
11:22:25,0.68919196,11557069.3,
11:22:30,0.688193662,11562268.68,
11:22:35,0.711884482,11568089.01,
11:22:40,0.733881605,11573596.66,
11:22:45,0.756321023,11579301.39,
11:22:50,0.744859391,11584863.6,
11:22:55,0.728029946,11589992.25,
11:23:00,0.686642852,11594764.92,
11:23:05,0.709744366,11600847.38,
11:23:10,0.71233661,11606034.41,
11:23:15,0.7246194,11611083.69,
11:23:20,0.668674602,11615906.25,
11:23:25,0.644348487,11620545.44,
11:23:30,0.617180832,11624982.9,
11:23:35,0.613025725,11629711.89,
11:23:40,0.632135476,11634781.44,
11:23:45,0.642521261,11639452.79,
11:23:50,0.665912354,11644708.55,
11:23:55,0.662942517,11649711.22,
11:24:00,0.693612381,11655073.27,
11:24:05,0.742708809,11661434.71,
11:24:10,0.764665334,11666931.85,
11:24:15,0.793438829,11672941.89,
11:24:20,0.758663495,11678520.17,
11:24:25,0.755175717,11683938.76,
11:24:30,0.738433335,11689571.76,
11:24:35,0.747064686,11695344.43,
11:24:40,0.743771651,11700688.86,
11:24:45,0.74151323,11706270.99,
11:24:50,0.703002724,11711176.38,
11:24:55,0.711903829,11716721.27,
11:25:00,0.679931182,11721583.37,
11:25:05,0.743873939,11727928.78,
11:25:10,0.751732184,11733650.64,
11:25:15,0.771046669,11738947.71,
11:25:20,0.731364848,11744399.46,
11:25:25,0.691574236,11749225.22,
11:25:30,0.680830047,11754280.33,
11:25:35,0.652267629,11759088.84,
11:25:40,0.643762037,11763723.05,
11:25:45,0.651483581,11768952.05,
11:25:50,0.648241611,11773687.55,
11:25:55,0.681592052,11779072.83,
11:26:00,0.676379811,11784184.44,
11:26:05,0.711827074,11789718.24,
11:26:10,0.714339866,11795160.1,
11:26:15,0.732761672,11800686.59,
11:26:20,0.751155407,11806634.62,
11:26:25,0.744508282,11811926.79,
11:26:30,0.6993654,11816436.63,
11:26:35,0.681212873,11821975.86,
11:26:40,0.680788814,11827258.48,
11:26:45,0.730132001,11832879.55,
11:26:50,0.699336537,11837725.25,
11:26:55,0.686273664,11842713.69,
11:27:00,0.673984214,11848058,
11:27:05,0.761366749,11854871.59,
11:27:10,0.777508724,11860223.55,
11:27:15,0.796256741,11865990.08,
11:27:20,0.690542318,11870422.94,
11:27:25,0.66486426,11875196.61,
11:27:30,0.646172541,11880542.19,
11:27:35,0.670352281,11885519.59,
11:27:40,0.656021673,11889970.54,
11:27:45,0.632794241,11894793.02,
11:27:50,0.622367382,11899535.6,
11:27:55,0.6457645,11904513.46,
11:28:00,0.645373269,11909327.14,
11:28:05,0.685780938,11914979.71,
11:28:10,0.708675973,11920473.18,
11:28:15,0.751117664,11926242.66,
11:28:20,0.725825445,11931325.65,
11:28:25,0.723483449,11936766.38,
11:28:30,0.691486856,11941815.28,
11:28:35,0.664205812,11946283.88,
11:28:40,0.635415665,11951076.24,
11:28:45,0.668192659,11956863.3,
11:28:50,0.699071381,11962027.3,
11:28:55,0.734324059,11967613.57,
11:29:00,0.691111483,11972427.46,
11:29:05,0.723695003,11978325.26,
11:29:10,0.703011129,11983445.71,
11:29:15,0.748318307,11989279.94,
11:29:20,0.703372863,11994165.55,
11:29:25,0.697931625,11999163.47,
11:29:30,0.669001764,12004346.18,
11:29:35,0.703027146,12009998.06,
11:29:40,0.708621103,12015121.95,
11:29:45,0.710991485,12020358.05,
11:29:50,0.668639713,12025056.15,
11:29:55,0.666500549,12030131.86,
11:30:00,0.699930441,12036120.82,
11:30:05,1.033013169,12048320.1,
11:30:10,1.099567993,12054894.66,
11:30:15,1.120122144,12061346.5,
11:30:20,0.860635926,12067702.03,
11:30:25,0.840790495,12073829.66,
11:30:30,0.853681779,12080571.83,
11:30:35,0.857011764,12087002.34,
11:30:40,0.868723644,12093393.74,
11:30:45,0.869834538,12100160.91,
11:30:50,0.853285473,12106218.74,
11:30:55,0.79583855,12111316.4,
11:31:00,0.755679544,12117179.18,
11:31:05,0.801862591,12124277.07,
11:31:10,0.859401018,12130670.52,
11:31:15,0.914379711,12137771.45,
11:31:20,0.880916199,12144115.72,
11:31:25,0.851912437,12149856,
11:31:30,0.812318313,12156065.24,
11:31:35,0.796522848,12162053.8,
11:31:40,0.80776801,12168047.32,
11:31:45,0.796641629,12174005.99,
11:31:50,0.777770708,12179569.56,
11:31:55,0.794279175,12185934.86,
11:32:00,0.786125644,12191709.92,
11:32:05,0.812480388,12197867.01,
11:32:10,0.82333987,12204476.87,
11:32:15,0.845498909,12210750.96,
11:32:20,0.846619952,12216933.3,
11:32:25,0.814410695,12222817.79,
11:32:30,0.803994619,12228857.3,
11:32:35,0.810005815,12235175.01,
11:32:40,0.809497071,12241048.05,
11:32:45,0.812310701,12247150.93,
11:32:50,0.796862539,12253120.74,
11:32:55,0.7917353,12258878.31,
11:33:00,0.814959402,12265504.2,
11:33:05,0.821114118,12271612.62,
11:33:10,0.791139335,12276695.14,
11:33:15,0.722290091,12281770.52,
11:33:20,0.671219904,12286728.81,
11:33:25,0.662732708,12291620.2,
11:33:30,0.657015689,12296566.83,
11:33:35,0.640566215,12301154.67,
11:33:40,0.635867793,12305940.25,
11:33:45,0.618511526,12310496,
11:33:50,0.646011735,12315703.16,
11:33:55,0.641395302,12320384.78,
11:34:00,0.651488814,12325167.84,
11:34:05,0.65044072,12330351.4,
11:34:10,0.689348484,12335909.23,
11:34:15,0.721525231,12341416.93,
11:34:20,0.69703165,12346048.89,
11:34:25,0.668815109,12350971.27,
11:34:30,0.621961243,12355423.8,
11:34:35,0.63496766,12360348.66,
11:34:40,0.626465239,12365079.56,
11:34:45,0.615518694,12369285.57,
11:34:50,0.626076228,12374448.2,
11:34:55,0.624715879,12379148.46,
11:35:00,0.67747897,12384542.72,
11:35:05,0.752696386,12391399.28,
11:35:10,0.80118654,12397191.57,
11:35:15,0.815092297,12402898.99,
11:35:20,0.743945144,12408153.28,
11:35:25,0.729924254,12413629.81,
11:35:30,0.708982837,12418865.62,
11:35:35,0.743101468,12424888.28,
11:35:40,0.755702222,12430648.59,
11:35:45,0.806071618,12437018.74,
11:35:50,0.776574178,12442377.1,
11:35:55,0.737282795,12447252.55,
11:36:00,0.672890447,12452172.55,
11:36:05,0.708975225,12458343.56,
11:36:10,0.70153184,12463051.38,
11:36:15,0.730076655,12468614.23,
11:36:20,0.719196399,12474540.21,
11:36:25,0.805161176,12481183.99,
11:36:30,0.781887913,12486222.72,
11:36:35,0.764533708,12491757.87,
11:36:40,0.716679324,12497323.95,
11:36:45,0.702749145,12502048.96,
11:36:50,0.707705111,12507695.73,
11:36:55,0.686167253,12512776.77,
11:37:00,0.705648411,12517940.5,
11:37:05,0.731461426,12524168.59,
11:37:10,0.75565084,12529794.39,
11:37:15,0.765286515,12535175.12,
11:37:20,0.717267678,12540321.8,
11:37:25,0.685391927,12545229.74,
11:37:30,0.681202723,12550516.13,
11:37:35,0.647758241,12554909.63,
11:37:40,0.661337311,12560123.37,
11:37:45,0.684668775,12565935.2,
11:37:50,0.726458995,12571269.83,
11:37:55,0.708727514,12576084.25,
11:38:00,0.667451112,12580966.52,
11:38:05,0.722126906,12587532.47,
11:38:10,0.748271524,12592935.69,
11:38:15,0.758595144,12598050.44,
11:38:20,0.684434068,12602946.25,
11:38:25,0.675552469,12608149.45,
11:38:30,0.651949506,12612732.66,
11:38:35,0.649287643,12617568.52,
11:38:40,0.622568944,12622170,
11:38:45,0.602372246,12626298.37,
11:38:50,0.600913732,12631101.39,
11:38:55,0.584537208,12635334.06,
11:39:00,0.634582772,12640589.48,
11:39:05,0.704998368,12646978.29,
11:39:10,0.719170549,12651530.12,
11:39:15,0.70741474,12656520.79,
11:39:20,0.635161769,12661282.43,
11:39:25,0.650861607,12666187.84,
11:39:30,0.648280464,12671120.38,
11:39:35,0.656607172,12676069.54,
11:39:40,0.655009261,12680938.96,
11:39:45,0.636756032,12685460.43,
11:39:50,0.632443608,12690312.47,
11:39:55,0.610669139,12694691.52,
11:40:00,0.620683517,12699438.52,
11:40:05,0.690868688,12705871.16,
11:40:10,0.74879787,12711554.8,
11:40:15,0.790920486,12717250.43,
11:40:20,0.784113665,12723529.78,
11:40:25,0.781192832,12729147.64,
11:40:30,0.752704949,12734201.7,
11:40:35,0.709256556,12739502.58,
11:40:40,0.693130756,12744757.28,
11:40:45,0.706147798,12750104.49,
11:40:50,0.694882178,12755151.65,
11:40:55,0.704436498,12760621.52,
11:41:00,0.698110827,12765826.28,
11:41:05,0.728492858,12771557.66,
11:41:10,0.738297586,12777248.34,
11:41:15,0.76387748,12783029.16,
11:41:20,0.737260117,12788161.11,
11:41:25,0.712899431,12793303.17,
11:41:30,0.682746081,12798404.93,
11:41:35,0.663697861,12803107.9,
11:41:40,0.645978432,12807850.91,
11:41:45,0.646999091,12812975.66,
11:41:50,0.665935507,12818105.09,
11:41:55,0.678990768,12823142.11,
11:42:00,0.711075377,12828989.41,
11:42:05,0.798867063,12836095.96,
11:42:10,0.862053683,12842555.97,
11:42:15,0.818641765,12847425.62,
11:42:20,0.734740188,12852642.66,
11:42:25,0.683633844,12857951.73,
11:42:30,0.710331609,12863422.63,
11:42:35,0.694548355,12868284.22,
11:42:40,0.710344613,12873949.03,
11:42:45,0.686486803,12878882.64,
11:42:50,0.74215693,12884997.95,
11:42:55,0.693603501,12889569.31,
11:43:00,0.673139427,12894042.06,
11:43:05,0.646181264,12899550.26,
11:43:10,0.73883313,12906208.19,
11:43:15,0.775457258,12911505.73,
11:43:20,0.753434603,12916517.96,
11:43:25,0.663883724,12921159.17,
11:43:30,0.65318822,12926215.84,
11:43:35,0.64118914,12930957.85,
11:43:40,0.680408843,12936482.3,
11:43:45,0.683746281,12941614.13,
11:43:50,0.692901441,12946562.32,
11:43:55,0.680652113,12951810.91,
11:44:00,0.677807401,12956878.68,
11:44:05,0.719856591,12962773.84,
11:44:10,0.716624612,12967949.64,
11:44:15,0.72939759,12973305.06,
11:44:20,0.707752528,12978712.76,
11:44:25,0.722595844,12984222.84,
11:44:30,0.702628144,12989128.58,
11:44:35,0.689119804,12994232.07,
11:44:40,0.684994193,12999649.24,
11:44:45,0.678007536,13004397.63,
11:44:50,0.642893938,13008710.35,
11:44:55,0.59091331,13012956.89,
11:45:00,0.592381815,13017738.35,
11:45:05,0.738428578,13025340.11,
11:45:10,0.837878543,13031826.31,
11:45:15,0.868022854,13037286.64,
11:45:20,0.774232183,13042776.19,
11:45:25,0.737536215,13048435.98,
11:45:30,0.733086138,13053796.09,
11:45:35,0.724520759,13059092.74,
11:45:40,0.702020602,13064245.82,
11:45:45,0.741103603,13070486.1,
11:45:50,0.756360194,13076126.34,
11:45:55,0.764209083,13081456.18,
11:46:00,0.758404048,13087565.72,
11:46:05,0.793633255,13093999.34,
11:46:10,0.782939496,13099088.35,
11:46:15,0.776964616,13105063.34,
11:46:20,0.750714856,13110905.79,
11:46:25,0.785013957,13116767.24,
11:46:30,0.729379987,13121489.32,
11:46:35,0.710108955,13126897.79,
11:46:40,0.664803522,13131738.93,
11:46:45,0.710393458,13137487.72,
11:46:50,0.680963735,13142233.41,
11:46:55,0.711521162,13147762.73,
11:47:00,0.689716879,13153020.48,
11:47:05,0.74631061,13159040.69,
11:47:10,0.744788186,13164535.71,
11:47:15,0.718513687,13169201.75,
11:47:20,0.665073435,13174018.46,
11:47:25,0.635683516,13178851.61,
11:47:30,0.637842028,13183566.25,
11:47:35,0.642017434,13188477,
11:47:40,0.649408168,13193476.59,
11:47:45,0.656909278,13198360.16,
11:47:50,0.660366607,13203348.77,
11:47:55,0.667965564,13208519.49,
11:48:00,0.678257943,13213634.86,
11:48:05,0.740071368,13220015.53,
11:48:10,0.761952565,13225679.03,
11:48:15,0.751002689,13230547.8,
11:48:20,0.708274593,13235966.21,
11:48:25,0.663865645,13240629.6,
11:48:30,0.704621885,13246416.22,
11:48:35,0.701529779,13251765,
11:48:40,0.709139837,13256599.77,
11:48:45,0.648118865,13261012.16,
11:48:50,0.591963148,13265096.29,
11:48:55,0.587292161,13269825.87,
11:49:00,0.585305557,13274193.53,
11:49:05,0.620580278,13279072.05,
11:49:10,0.639493699,13284227.57,
11:49:15,0.640402713,13288615.7,
11:49:20,0.629234941,13293242.73,
11:49:25,0.587368283,13297455.39,
11:49:30,0.603677883,13302210.81,
11:49:35,0.59537988,13306650.96,
11:49:40,0.590108963,13310744.92,
11:49:45,0.578950547,13315249.06,
11:49:50,0.565043046,13319376,
11:49:55,0.575549357,13323706.57,
11:50:00,0.547786212,13327585.46,
11:50:05,0.62550754,13333462.73,
11:50:10,0.654876366,13338454.7,
11:50:15,0.721379808,13343831.28,
11:50:20,0.732206938,13349952.38,
11:50:25,0.769377077,13355781.44,
11:50:30,0.837959421,13362702.53,
11:50:35,0.822310172,13368471.2,
11:50:40,0.817026092,13374181.25,
11:50:45,0.745053659,13379481.49,
11:50:50,0.735713747,13385039.83,
11:50:55,0.70260959,13390004.36,
11:51:00,0.706759939,13395398.06,
11:51:05,0.741213979,13401732.32,
11:51:10,0.755678592,13407022.6,
11:51:15,0.800967691,13413436.24,
11:51:20,0.740346515,13418405.28,
11:51:25,0.697324717,13422726.69,
11:51:30,0.620759797,13427416.05,
11:51:35,0.642422462,13432872.94,
11:51:40,0.66706448,13437749.3,
11:51:45,0.649822077,13442050.35,
11:51:50,0.650700325,13447527.02,
11:51:55,0.620365553,13451720.23,
11:52:00,0.668849363,13457113.16,
11:52:05,0.692985809,13463133.39,
11:52:10,0.748875419,13468585.26,
11:52:15,0.732209476,13473602.86,
11:52:20,0.688367155,13478635.75,
11:52:25,0.702407551,13484403.81,
11:52:30,0.704519597,13489468.98,
11:52:35,0.690554688,13494187.37,
11:52:40,0.629584147,13498582.35,
11:52:45,0.626859325,13503586.15,
11:52:50,0.61284129,13507988.85,
11:52:55,0.642183315,13513044.62,
11:53:00,0.611758148,13517363.24,
11:53:05,0.66033822,13522859.98,
11:53:10,0.664284629,13528004.63,
11:53:15,0.701776697,13533167.59,
11:53:20,0.668807814,13537921.85,
11:53:25,0.654874463,13542752.71,
11:53:30,0.641968273,13547625.02,
11:53:35,0.64239915,13552388.99,
11:53:40,0.641254954,13557194.08,
11:53:45,0.610133278,13561365.51,
11:53:50,0.584623479,13565554.99,
11:53:55,0.571098328,13570055.49,
11:54:00,0.58005367,13574428.6,
11:54:05,0.639137991,13579948.68,
11:54:10,0.648899901,13584669.03,
11:54:15,0.655978696,13589201.55,
11:54:20,0.61912557,13593891.68,
11:54:25,0.59031449,13597963.19,
11:54:30,0.588373558,13602452,
11:54:35,0.59418779,13607273.08,
11:54:40,0.625603167,13612052.07,
11:54:45,0.625307087,13616534.22,
11:54:50,0.619740407,13621229.93,
11:54:55,0.582772465,13625176.39,
11:55:00,0.568972009,13629347.74,
11:55:05,0.657520943,13636037.61,
11:55:10,0.721004911,13641413.76,
11:55:15,0.782662446,13646973.67,
11:55:20,0.724924043,13652363.25,
11:55:25,0.797234105,13659367.85,
11:55:30,0.787797614,13664715.25,
11:55:35,0.781601983,13669965.3,
11:55:40,0.659006417,13674208.99,
11:55:45,0.648154864,13679312.01,
11:55:50,0.639119913,13684358.58,
11:55:55,0.688833715,13689721.86,
11:56:00,0.680911718,13694646.46,
11:56:05,0.67781089,13699623.21,
11:56:10,0.654908876,13704470.72,
11:56:15,0.678035606,13709916.15,
11:56:20,0.741599184,13716324.38,
11:56:25,0.782766003,13722098.98,
11:56:30,0.762123996,13727079.55,
11:56:35,0.713839528,13732400.38,
11:56:40,0.703393162,13737939.73,
11:56:45,0.709158233,13743050.13,
11:56:50,0.680064394,13747715.76,
11:56:55,0.64087403,13752372.52,
11:57:00,0.607123002,13756722.83,
11:57:05,0.648617459,13762322.93,
11:57:10,0.644097446,13766877.9,
11:57:15,0.673434555,13771888.9,
11:57:20,0.632129449,13776558.79,
11:57:25,0.652016746,13781561.63,
11:57:30,0.618384499,13785815.21,
11:57:35,0.600887724,13790091.07,
11:57:40,0.57785789,13794575.27,
11:57:45,0.603875323,13799414.77,
11:57:50,0.608901066,13803803.81,
11:57:55,0.594570775,13807965.29,
11:58:00,0.582506993,13812533.11,
11:58:05,0.648233523,13818402.34,
11:58:10,0.690663954,13823519.37,
11:58:15,0.732163327,13829021.78,
11:58:20,0.730915257,13834862.9,
11:58:25,0.726878137,13839889.01,
11:58:30,0.707112951,13844946.3,
11:58:35,0.63423198,13849146.11,
11:58:40,0.592739584,13853237.79,
11:58:45,0.54684437,13857261.49,
11:58:50,0.560089459,13861759.59,
11:58:55,0.575099924,13866189.31,
11:59:00,0.591953316,13870592.56,
11:59:05,0.628622958,13875916.48,
11:59:10,0.649493012,13880816.21,
11:59:15,0.640977111,13885027.68,
11:59:20,0.607935913,13889607.49,
11:59:25,0.598339091,13894291.09,
11:59:30,0.600443843,13898549.96,
11:59:35,0.587866876,13902846.53,
11:59:40,0.560214583,13906907.39,
11:59:45,0.583758235,13911696.47,
11:59:50,0.586128934,13916046.43,
11:59:55,0.594288492,13920291.05,
12:00:00,0.590652754,13924998.25,
12:00:05,1.021572946,13939052.74,
12:00:10,1.147790771,13946139.85,
12:00:15,1.183379651,13951648.53,
12:00:20,0.816346393,13957437.25,
12:00:25,0.798017043,13964111.57,
12:00:30,0.824751601,13970222.33,
12:00:35,0.797985009,13975408.26,
12:00:40,0.757155185,13981163.07,
12:00:45,0.777969416,13987742.57,
12:00:50,0.797501481,13993368.37,
12:00:55,0.797022076,13999112.39,
12:01:00,0.748774875,14004605.34,
12:01:05,0.827052998,14011994,
12:01:10,0.858485343,14018445.89,
12:01:15,0.842743639,14023584.33,
12:01:20,0.747021075,14028817.27,
12:01:25,0.687041536,14033918.39,
12:01:30,0.686321715,14039040.62,
12:01:35,0.679860929,14044128.06,
12:01:40,0.678833927,14049206.05,
12:01:45,0.672644163,14054188.89,
12:01:50,0.676020139,14059352.36,
12:01:55,0.680810858,14064538.24,
12:02:00,0.669032847,14069255.83,
12:02:05,0.696304059,14075033.46,
12:02:10,0.729574572,14080968.61,
12:02:15,0.756976776,14086303.31,
12:02:20,0.750411957,14091933.1,
12:02:25,0.722476905,14097239.13,
12:02:30,0.724719309,14102624.33,
12:02:35,0.683682371,14107329.95,
12:02:40,0.656061954,14112013.96,
12:02:45,0.645359313,14117158.13,
12:02:50,0.64518027,14121859.72,
12:02:55,0.634656039,14126306.72,
12:03:00,0.584370852,14130318.44,
12:03:05,0.630277643,14136053.87,
12:03:10,0.680693663,14141636.26,
12:03:15,0.728941815,14146734.56,
12:03:20,0.67812489,14151325.57,
12:03:25,0.624576958,14155702.04,
12:03:30,0.615489356,14160595.68,
12:03:35,0.616481786,14165209.03,
12:03:40,0.620178739,14169668.76,
12:03:45,0.629210519,14174765.8,
12:03:50,0.624896191,14179281.99,
12:03:55,0.631872699,14183898.83,
12:04:00,0.614055581,14188594.62,
12:04:05,0.670371629,14194379.08,
12:04:10,0.669419003,14198974.47,
12:04:15,0.663848359,14203544.8,
12:04:20,0.608406278,14208080.68,
12:04:25,0.609116267,14212692.06,
12:04:30,0.604579919,14217160.23,
12:04:35,0.593899323,14221455.58,
12:04:40,0.589074349,14225958.29,
12:04:45,0.603723715,14230756.38,
12:04:50,0.645497283,14235992.49,
12:04:55,0.631461644,14240179.11,
12:05:00,0.605623414,14244395.31,
12:05:05,0.618420022,14249919.6,
12:05:10,0.656688526,14254968.05,
12:05:15,0.732375357,14260888.75,
12:05:20,0.70936487,14265894.84,
12:05:25,0.702448467,14270787.53,
12:05:30,0.657040904,14275685.63,
12:05:35,0.647944897,14280486.86,
12:05:40,0.649224843,14285408.38,
12:05:45,0.690935611,14291245.83,
12:05:50,0.684439619,14295900.77,
12:05:55,0.662891611,14300337.01,
12:06:00,0.577017861,14304240.54,
12:06:05,0.632129132,14310136.62,
12:06:10,0.678673914,14315621.08,
12:06:15,0.734273787,14320776.74,
12:06:20,0.728056906,14326532.81,
12:06:25,0.700632183,14331399.65,
12:06:30,0.66558535,14335766.04,
12:06:35,0.642832883,14341009.71,
12:06:40,0.636866408,14345742.18,
12:06:45,0.675378025,14350975.88,
12:06:50,0.654195557,14355742.51,
12:06:55,0.663049404,14360674.37,
12:07:00,0.640181486,14365393.07,
12:07:05,0.682306639,14371108.38,
12:07:10,0.725596923,14377015.16,
12:07:15,0.770853987,14382753.07,
12:07:20,0.717522525,14387267.33,
12:07:25,0.666303426,14392020.63,
12:07:30,0.620251054,14396721.42,
12:07:35,0.627186488,14401391.87,
12:07:40,0.609570457,14405748.45,
12:07:45,0.593437679,14410085.92,
12:07:50,0.620636893,14415368.91,
12:07:55,0.616220278,14419626.03,
12:08:00,0.61190484,14423866.31,
12:08:05,0.620387755,14429340.34,
12:08:10,0.674578593,14434817.86,
12:08:15,0.714724913,14439962.25,
12:08:20,0.703962803,14445193.92,
12:08:25,0.70729025,14450746.37,
12:08:30,0.688694635,14455471.99,
12:08:35,0.665904583,14460190.41,
12:08:40,0.659418105,14465596.78,
12:08:45,0.712171839,14471510.44,
12:08:50,0.710689062,14476195.46,
12:08:55,0.690452559,14481146.1,
12:09:00,0.630105418,14485700.71,
12:09:05,0.666034148,14491194.87,
12:09:10,0.662037309,14496055.5,
12:09:15,0.696967899,14501396.76,
12:09:20,0.660697893,14506074.1,
12:09:25,0.647090278,14510628.28,
12:09:30,0.60643918,14515054.06,
12:09:35,0.602875122,14519651.14,
12:09:40,0.586933916,14523846.31,
12:09:45,0.585462715,14528238.96,
12:09:50,0.554811564,14532145.76,
12:09:55,0.552736627,14536294.21,
12:10:00,0.531873234,14540217,
12:10:05,0.623186002,14546180.21,
12:10:10,0.673484668,14551461.4,
12:10:15,0.754197083,14557201.88,
12:10:20,0.718051567,14562351.07,
12:10:25,0.714655928,14567555.8,
12:10:30,0.687971959,14572695.34,
12:10:35,0.658186369,14577173.74,
12:10:40,0.655255228,14582312.46,
12:10:45,0.670421107,14587793.54,
12:10:50,0.668933414,14592238.44,
12:10:55,0.645112078,14596840.69,
12:11:00,0.588864381,14601055.05,
12:11:05,0.642498901,14606707.83,
12:11:10,0.675107001,14612044.42,
12:11:15,0.69534176,14616714.48,
12:11:20,0.672446566,14621851.64,
12:11:25,0.651276785,14626711.49,
12:11:30,0.654099454,14631445.11,
12:11:35,0.630859494,14636058.9,
12:11:40,0.623679838,14640757.05,
12:11:45,0.6160563,14645318.99,
12:11:50,0.613258687,14649869.78,
12:11:55,0.599877215,14654266.58,
12:12:00,0.580615064,14658394.72,
12:12:05,0.618200063,14663791.94,
12:12:10,0.654958038,14669016.54,
12:12:15,0.693747021,14674018.23,
12:12:20,0.661686041,14678693.43,
12:12:25,0.633494873,14683283.15,
12:12:30,0.624707157,14688086.94,
12:12:35,0.630058953,14692882.65,
12:12:40,0.637990781,14697651.01,
12:12:45,0.637199438,14702436.97,
12:12:50,0.615326647,14706740.1,
12:12:55,0.58941515,14710924.92,
12:13:00,0.592644116,14715783.6,
12:13:05,0.65847563,14721569.29,
12:13:10,0.681640896,14726275.8,
12:13:15,0.692267415,14731373.79,
12:13:20,0.666419353,14736577.37,
12:13:25,0.635578691,14740589.33,
12:13:30,0.586729182,14744587.21,
12:13:35,0.546589364,14748886.83,
12:13:40,0.5677777,14753375.96,
12:13:45,0.574097186,14757516.16,
12:13:50,0.548871573,14761247.68,
12:13:55,0.520039401,14765087.49,
12:14:00,0.514159673,14769095.28,
12:14:05,0.572493566,14774140.5,
12:14:10,0.594520503,14778476.38,
12:14:15,0.610038126,14782833.63,
12:14:20,0.559877271,14786749.21,
12:14:25,0.553968839,14790952.02,
12:14:30,0.525013128,14794657.18,
12:14:35,0.561413492,14799392.51,
12:14:40,0.550758744,14803355.37,
12:14:45,0.554086509,14807135.47,
12:14:50,0.501051603,14810676.43,
12:14:55,0.530079311,14815293.01,
12:15:00,0.546570493,14819444.5,
12:15:05,0.663060505,14825608.87,
12:15:10,0.692927449,14830898.07,
12:15:15,0.74163106,14836146.38,
12:15:20,0.684969137,14841034.7,
12:15:25,0.673269943,14846060.43,
12:15:30,0.660537087,14851021.99,
12:15:35,0.667679,14856071.15,
12:15:40,0.698160782,14861783.34,
12:15:45,0.72216909,14867285.59,
12:15:50,0.73553058,14872635.65,
12:15:55,0.739374225,14878434.4,
12:16:00,0.70969013,14883268.15,
12:16:05,0.723785714,14888935.65,
12:16:10,0.684556179,14893850.94,
12:16:15,0.697830764,14898983.63,
12:16:20,0.700031619,14904700.7,
12:16:25,0.710043459,14909841.45,
12:16:30,0.698986697,14914725.14,
12:16:35,0.641190885,14919140.62,
12:16:40,0.638006164,14924209.66,
12:16:45,0.637358024,14929078.75,
12:16:50,0.626747205,14933255.27,
12:16:55,0.609239805,14937930.03,
12:17:00,0.610289009,14942822.75,
12:17:05,0.667640146,14948290.84,
12:17:10,0.677104073,14953178.74,
12:17:15,0.676472901,14958057.24,
12:17:20,0.642596114,14962762.41,
12:17:25,0.662698612,14968103.03,
12:17:30,0.66242077,14972975.28,
12:17:35,0.675265429,14977969.71,
12:17:40,0.640769205,14982533.45,
12:17:45,0.613004633,14986780.43,
12:17:50,0.613426313,14991784.37,
12:17:55,0.593383919,14995896.74,
12:18:00,0.603334228,15000367.81,
12:18:05,0.604126681,15005389.59,
12:18:10,0.635166368,15010200.99,
12:18:15,0.644901476,15014891.3,
12:18:20,0.611348204,15019157.44,
12:18:25,0.604413087,15023812.66,
12:18:30,0.589783703,15028173.51,
12:18:35,0.573906725,15032082.1,
12:18:40,0.532929257,15035814.49,
12:18:45,0.515121496,15039774.29,
12:18:50,0.508385087,15043531.17,
12:18:55,0.530739345,15047766.99,
12:19:00,0.547410205,15052102.23,
12:19:05,0.588196418,15056777.64,
12:19:10,0.588220206,15061013.99,
12:19:15,0.585776715,15065294.2,
12:19:20,0.546960138,15069095.44,
12:19:25,0.529759919,15072944.44,
12:19:30,0.543526596,15077534.68,
12:19:35,0.560520019,15081718.62,
12:19:40,0.566640163,15085705.44,
12:19:45,0.541102929,15089720.58,
12:19:50,0.528041325,15093610.36,
12:19:55,0.528569098,15097609.07,
12:20:00,0.523040638,15101499.7,
12:20:05,0.598787889,15107095.35,
12:20:10,0.615578322,15111472.19,
12:20:15,0.657773095,15116313.06,
12:20:20,0.628402841,15121247.28,
12:20:25,0.638757385,15125857.31,
12:20:30,0.628199534,15130460.42,
12:20:35,0.604205498,15134854.28,
12:20:40,0.595124874,15139259.81,
12:20:45,0.606360838,15144115.95,
12:20:50,0.606242533,15148507.15,
12:20:55,0.567952461,15152050.37,
12:21:00,0.553464377,15156580.24,
12:21:05,0.578464798,15161534.45,
12:21:10,0.629969986,15166237.59,
12:21:15,0.631548391,15170803.01,
12:21:20,0.652632218,15176232.04,
12:21:25,0.637100163,15180585.39,
12:21:30,0.669840049,15185888.13,
12:21:35,0.640071903,15190646.77,
12:21:40,0.648487419,15195189.64,
12:21:45,0.628483085,15200041.86,
12:21:50,0.601493046,15204192.68,
12:21:55,0.596950514,15208633.25,
12:22:00,0.570771007,15212895.9,
12:22:05,0.615106847,15218045.18,
12:22:10,0.615788924,15222501.11,
12:22:15,0.641263517,15227337.46,
12:22:20,0.618314879,15231969.93,
12:22:25,0.659190693,15237346.4,
12:22:30,0.64538215,15241871.78,
12:22:35,0.651882583,15246650.63,
12:22:40,0.622883103,15251374.03,
12:22:45,0.615979227,15255743.92,
12:22:50,0.590428989,15259947.38,
12:22:55,0.565634095,15264112.38,
12:23:00,0.557952515,15268309.28,
12:23:05,0.619348383,15273895.4,
12:23:10,0.657407554,15278917.51,
12:23:15,0.670217325,15283402.89,
12:23:20,0.609198732,15287614.84,
12:23:25,0.604451941,15292530.05,
12:23:30,0.602405073,15296969.34,
12:23:35,0.619409756,15301564.25,
12:23:40,0.62078977,15306510.54,
12:23:45,0.605016031,15310594.59,
12:23:50,0.625200359,15315644.06,
12:23:55,0.610384161,15320256.68,
12:24:00,0.647531939,15325177.32,
12:24:05,0.64971075,15330275.85,
12:24:10,0.65035667,15334903.02,
12:24:15,0.64717528,15339752.02,
12:24:20,0.632536381,15344520.88,
12:24:25,0.637561648,15349261.21,
12:24:30,0.657866978,15354567.5,
12:24:35,0.666257912,15359525.32,
12:24:40,0.676248819,15364490.66,
12:24:45,0.639896349,15368978.27,
12:24:50,0.622234328,15373538.34,
12:24:55,0.573106659,15377397.3,
12:25:00,0.554003886,15381454.7,
12:25:05,0.591102344,15386850.24,
12:25:10,0.646637515,15391959.88,
12:25:15,0.678668205,15396738.63,
12:25:20,0.618367054,15400776.16,
12:25:25,0.606349262,15405615.16,
12:25:30,0.589244511,15410008.7,
12:25:35,0.610215425,15414518.51,
12:25:40,0.582363631,15418730.26,
12:25:45,0.614242078,15423841.73,
12:25:50,0.608034077,15428211.73,
12:25:55,0.625064292,15432807.01,
12:26:00,0.577033244,15436836.79,
12:26:05,0.615064346,15442063.27,
12:26:10,0.732460993,15449302.38,
12:26:15,0.75554649,15453852.06,
12:26:20,0.730344348,15458510.97,
12:26:25,0.604402303,15462913.81,
12:26:30,0.591025272,15467162.23,
12:26:35,0.557691641,15471070.45,
12:26:40,0.556218854,15475440.13,
12:26:45,0.577973024,15480178.46,
12:26:50,0.602064748,15484629.24,
12:26:55,0.589039143,15488705.57,
12:27:00,0.585254175,15493358.66,
12:27:05,0.602993268,15498208.94,
12:27:10,0.639695579,15503111.82,
12:27:15,0.627582001,15507492.11,
12:27:20,0.599440311,15511708.62,
12:27:25,0.603737512,15516708.28,
12:27:30,0.635246612,15521798.16,
12:27:35,0.637415908,15526063.53,
12:27:40,0.618580193,15530639,
12:27:45,0.605404566,15535432.16,
12:27:50,0.601452924,15539608.54,
12:27:55,0.568557149,15543443.18,
12:28:00,0.512104876,15546965.01,
12:28:05,0.761437637,15556756.48,
12:28:10,0.86514008,15562926.54,
12:28:15,0.954107998,15568451.98,
12:28:20,0.73917964,15573403.15,
12:28:25,0.699395848,15578677.27,
12:28:30,0.669769161,15583535.5,
12:28:35,0.660500137,15588277.93,
12:28:40,0.637548168,15593035.16,
12:28:45,0.599562581,15597037.94,
12:28:50,0.582774368,15601402.29,
12:28:55,0.572554463,15605929.36,
12:29:00,0.577560383,15610044.87,
12:29:05,0.619169974,15615346.29,
12:29:10,0.630508702,15620128.72,
12:29:15,0.638231039,15624418.14,
12:29:20,0.577846789,15628359.68,
12:29:25,0.555046429,15632628.63,
12:29:30,0.597330803,15637870.31,
12:29:35,0.610374963,15642105.61,
12:29:40,0.629734486,15646810.55,
12:29:45,0.58903946,15651135.76,
12:29:50,0.559683003,15654709.94,
12:29:55,0.543282216,15659045.53,
12:30:00,0.553473258,15663600.25,
12:30:05,0.703235528,15670547.14,
12:30:10,0.729263744,15675468.89,
12:30:15,0.757629674,15680662.43,
12:30:20,0.674085867,15685727.88,
12:30:25,0.687062628,15690941.87,
12:30:30,0.682101429,15696023.68,
12:30:35,0.669273263,15700800.23,
12:30:40,0.647019548,15705513.06,
12:30:45,0.667483305,15711055.72,
12:30:50,0.653016947,15715506.49,
12:30:55,0.638498098,15719892.34,
12:31:00,0.586214729,15724257.56,
12:31:05,0.649949263,15730143.65,
12:31:10,0.686652842,15735356.09,
12:31:15,0.736105295,15740835,
12:31:20,0.66551129,15745131.29,
12:31:25,0.668350452,15750407.66,
12:31:30,0.643583311,15755328.8,
12:31:35,0.677680215,15760392.97,
12:31:40,0.65776469,15765220.84,
12:31:45,0.659565749,15770182.54,
12:31:50,0.648338665,15774993.86,
12:31:55,0.684369365,15780633.16,
12:32:00,0.683040892,15785564.95,
12:32:05,0.71951135,15791197.6,
12:32:10,0.73003574,15797073.92,
12:32:15,0.736012681,15802140.3,
12:32:20,0.730505154,15807648.93,
12:32:25,0.723537368,15813368.33,
12:32:30,0.750819205,15819049.11,
12:32:35,0.731755445,15824128.41,
12:32:40,0.712862798,15829422.34,
12:32:45,0.707117392,15834973.73,
12:32:50,0.712072089,15840164.61,
12:32:55,0.68989402,15844959.08,
12:33:00,0.653041845,15849680.55,
12:33:05,0.661774849,15855068.1,
12:33:10,0.688693366,15860468.78,
12:33:15,0.674795222,15864877.26,
12:33:20,0.625290911,15869149.95,
12:33:25,0.561225885,15873107.86,
12:33:30,0.556369987,15877406.98,
12:33:35,0.548849688,15881510.31,
12:33:40,0.557204782,15885656.38,
12:33:45,0.564807863,15890126.72,
12:33:50,0.580225418,15894577.26,
12:33:55,0.619873302,15899616.22,
12:34:00,0.614765253,15903971.53,
12:34:05,0.65630126,15909357.48,
12:34:10,0.641468886,15914062.4,
12:34:15,0.67397121,15919149.68,
12:34:20,0.634222624,15923640.48,
12:34:25,0.635654812,15928377.65,
12:34:30,0.59102432,15932459.83,
12:34:35,0.582378538,15936755.92,
12:34:40,0.574855068,15941323.66,
12:34:45,0.587897959,15945699.57,
12:34:50,0.571518263,15949626.78,
12:34:55,0.556754399,15953862.04,
12:35:00,0.542968057,15957927.47,
12:35:05,0.592873272,15962978.57,
12:35:10,0.604552326,15967476.85,
12:35:15,0.65816496,15972749.66,
12:35:20,0.646222972,15977531.82,
12:35:25,0.651005762,15982137.81,
12:35:30,0.624198414,15986806.91,
12:35:35,0.625874824,15991626.82,
12:35:40,0.640321835,15996558.16,
12:35:45,0.663344849,16001745.75,
12:35:50,0.659717991,16006483.99,
12:35:55,0.637582106,16010916.81,
12:36:00,0.596619387,16015181.9,
12:36:05,0.593029638,16019839.3,
12:36:10,0.610341343,16024661.99,
12:36:15,0.632040958,16029415.77,
12:36:20,0.655592698,16034603.56,
12:36:25,0.655676431,16039428.14,
12:36:30,0.659500729,16044268.04,
12:36:35,0.696226352,16050282.91,
12:36:40,0.689848188,16054963.85,
12:36:45,0.679051824,16059560.61,
12:36:50,0.591136599,16063595.59,
12:36:55,0.583693056,16068108.9,
12:37:00,0.560826883,16072190.7,
12:37:05,0.610899248,16077353.33,
12:37:10,0.634692038,16082402.46,
12:37:15,0.657341107,16086994.34,
12:37:20,0.622118878,16091363.74,
12:37:25,0.608747714,16096111.75,
12:37:30,0.579199368,16100038.18,
12:37:35,0.600569601,16104888.86,
12:37:40,0.587517829,16109342.94,
12:37:45,0.641774322,16114491.25,
12:37:50,0.613544459,16118706.17,
12:37:55,0.594079159,16122721.88,
12:38:00,0.565332306,16127222.8,
12:38:05,0.606000056,16132353.58,
12:38:10,0.629331837,16136894.74,
12:38:15,0.671706287,16142349.95,
12:38:20,0.658836888,16147190.9,
12:38:25,0.673502747,16152062.34,
12:38:30,0.6261579,16156451.32,
12:38:35,0.60302562,16160771.33,
12:38:40,0.597388687,16165515.82,
12:38:45,0.584393054,16169612.13,
12:38:50,0.565825032,16173513.98,
12:38:55,0.546271083,16177818.1,
12:39:00,0.54375052,16181857.65,
12:39:05,0.593320484,16186875.84,
12:39:10,0.610693403,16191571.21,
12:39:15,0.626225616,16195960.55,
12:39:20,0.605133701,16200503.74,
12:39:25,0.577684715,16204580.95,
12:39:30,0.571504784,16208831.11,
12:39:35,0.551101607,16212914.81,
12:39:40,0.522745668,16216353.43,
12:39:45,0.520539264,16220553.91,
12:39:50,0.504799779,16224283.14,
12:39:55,0.540735803,16228531.06,
12:40:00,0.555633831,16233067.05,
12:40:05,0.626274619,16238387.15,
12:40:10,0.647012888,16243102.1,
12:40:15,0.645959561,16247614.36,
12:40:20,0.653576755,16253106.01,
12:40:25,0.642871419,16257579.87,
12:40:30,0.641952731,16262071.45,
12:40:35,0.640376388,16267527.59,
12:40:40,0.630079252,16271769.55,
12:40:45,0.641372148,16276515.45,
12:40:50,0.582902347,16280654.83,
12:40:55,0.595137719,16285172.34,
12:41:00,0.58870532,16289773.38,
12:41:05,0.636526559,16294989.71,
12:41:10,0.647247278,16299748.66,
12:41:15,0.616436113,16303655.81,
12:41:20,0.610689438,16308742.73,
12:41:25,0.594021751,16313126.31,
12:41:30,0.626599403,16317767.13,
12:41:35,0.598377469,16322218.48,
12:41:40,0.583410297,16326264.99,
12:41:45,0.575621513,16330730.4,
12:41:50,0.545236627,16334497.46,
12:41:55,0.519129277,16337956.03,
12:42:00,0.497190514,16341927.37,
12:42:05,0.554459662,16346984.16,
12:42:10,0.601374583,16351499.27,
12:42:15,0.64195511,16356384.51,
12:42:20,0.627686985,16361119.97,
12:42:25,0.62996618,16365686.41,
12:42:30,0.607915297,16370075.05,
12:42:35,0.638995581,16375510.46,
12:42:40,0.634545187,16379976.67,
12:42:45,0.655652009,16384840.65,
12:42:50,0.61551917,16389372.24,
12:42:55,0.623562643,16394019.6,
12:43:00,0.596993491,16398285.23,
12:43:05,0.61155611,16403144.78,
12:43:10,0.582334293,16407134.05,
12:43:15,0.607819511,16411973.61,
12:43:20,0.63998817,16417557.62,
12:43:25,0.669934407,16422221.29,
12:43:30,0.689082219,16427492.07,
12:43:35,0.661807994,16432461.85,
12:43:40,0.694908979,16437870.97,
12:43:45,0.666004651,16442490.81,
12:43:50,0.630074811,16446651.44,
12:43:55,0.585697105,16451061.15,
12:44:00,0.582434995,16455607.53,
12:44:05,0.64762376,16461236.23,
12:44:10,0.690809377,16466618.51,
12:44:15,0.717308751,16471761.66,
12:44:20,0.682709289,16476611.17,
12:44:25,0.626101761,16480718.62,
12:44:30,0.57441753,16484697.82,
12:44:35,0.559331577,16489207.59,
12:44:40,0.590246932,16494011.26,
12:44:45,0.607083831,16498369.64,
12:44:50,0.567328585,16501984.1,
12:44:55,0.532720875,16506008.39,
12:45:00,0.557719711,16510929.75,
12:45:05,0.682638084,16517357.43,
12:45:10,0.728353303,16522411.25,
12:45:15,0.761528665,16528079.74,
12:45:20,0.671916572,16532489.31,
12:45:25,0.657986868,16537229.43,
12:45:30,0.602429813,16541646.75,
12:45:35,0.631151609,16546703.15,
12:45:40,0.598744754,16550713.45,
12:45:45,0.650472913,16556295.71,
12:45:50,0.650353974,16561349.43,
12:45:55,0.684649586,16566132.09,
12:46:00,0.625071746,16570372.63,
12:46:05,0.663263177,16576286.44,
12:46:10,0.670256495,16581226.58,
12:46:15,0.692388416,16585965.54,
12:46:20,0.669121814,16591355.38,
12:46:25,0.6592841,16596073.98,
12:46:30,0.647190821,16600540.59,
12:46:35,0.605451824,16604990.44,
12:46:40,0.582829715,16609199.58,
12:46:45,0.591854517,16613869.44,
12:46:50,0.578100527,16618009.54,
12:46:55,0.600922137,16622732.63,
12:47:00,0.590834493,16627175.31,
12:47:05,0.661709988,16632911.57,
12:47:10,0.678110141,16638004,
12:47:15,0.710038384,16643165.71,
12:47:20,0.653832713,16647636.19,
12:47:25,0.605429781,16651638.56,
12:47:30,0.565954438,16655911.28,
12:47:35,0.544073717,16659888.99,
12:47:40,0.565865472,16664382.13,
12:47:45,0.565455527,16668645.61,
12:47:50,0.577053226,16672884.51,
12:47:55,0.5913047,16677698.59,
12:48:00,0.601518737,16682192.1,
12:48:05,0.658526536,16687714.84,
12:48:10,0.634217549,16691981.47,
12:48:15,0.667383237,16697221.89,
12:48:20,0.62169355,16701715.68,
12:48:25,0.611608919,16705755.2,
12:48:30,0.58145874,16710316.61,
12:48:35,0.572422837,16714606.91,
12:48:40,0.567198703,16718528.78,
12:48:45,0.54880687,16722676.01,
12:48:50,0.548971165,16726970,
12:48:55,0.590694462,16731831.5,
12:49:00,0.589618457,16735954.5,
12:49:05,0.622396244,16740986.66,
12:49:10,0.619605609,16745785.32,
12:49:15,0.625229063,16750034.95,
12:49:20,0.606533855,16754646.1,
12:49:25,0.574278608,16758718.35,
12:49:30,0.577855512,16763048.54,
12:49:35,0.547243372,16766970.28,
12:49:40,0.546379397,16771023.07,
12:49:45,0.565321205,16775779.84,
12:49:50,0.577544842,16779976.86,
12:49:55,0.598610432,16784504.06,
12:50:00,0.587391912,16789008.19,
12:50:05,0.651864187,16794657.16,
12:50:10,0.647777113,16799092.31,
12:50:15,0.677842765,16804273.53,
12:50:20,0.628508935,16808811.48,
12:50:25,0.645683304,16813633.41,
12:50:30,0.62850164,16818427.69,
12:50:35,0.627476065,16822942.54,
12:50:40,0.624153058,16827689.64,
12:50:45,0.655525775,16833190.44,
12:50:50,0.667462689,16837974.12,
12:50:55,0.669102625,16842758.15,
12:51:00,0.609423765,16846914.95,
12:51:05,0.652748303,16852674.32,
12:51:10,0.6434455,16857248.85,
12:51:15,0.667604147,16861949.72,
12:51:20,0.61898316,16866614.12,
12:51:25,0.626089708,16871348.69,
12:51:30,0.606919853,16875617.84,
12:51:35,0.609866219,16880348.6,
12:51:40,0.586287996,16884552.17,
12:51:45,0.611161073,16889381.48,
12:51:50,0.592491398,16893691.79,
12:51:55,0.617488647,16898458.31,
12:52:00,0.619472873,16903332.31,
12:52:05,0.648067166,16908286.57,
12:52:10,0.660609561,16913335.55,
12:52:15,0.652741325,16918032.35,
12:52:20,0.664252594,16923245.85,
12:52:25,0.659684371,16928191.96,
12:52:30,0.645930698,16932579.02,
12:52:35,0.628415528,16937398.07,
12:52:40,0.615593071,16942055.41,
12:52:45,0.63847653,16946957.82,
12:52:50,0.647310712,16951975.82,
12:52:55,0.624847981,16956127.29,
12:53:00,0.595788556,16960375.26,
12:53:05,0.57734772,16964977.96,
12:53:10,0.592466975,16969469.93,
12:53:15,0.593883305,16973749.8,
12:53:20,0.58992421,16978263.34,
12:53:25,0.58183665,16982573.16,
12:53:30,0.59006773,16987038.4,
12:53:35,0.600251637,16991781.29,
12:53:40,0.609379837,16996296.69,
12:53:45,0.619814308,17000996.92,
12:53:50,0.607003587,17005451.3,
12:53:55,0.620166369,17010263.13,
12:54:00,0.603351038,17014584.67,
12:54:05,0.61791445,17019367.03,
12:54:10,0.604866008,17023885,
12:54:15,0.609207295,17028304.31,
12:54:20,0.600719148,17032895.51,
12:54:25,0.595954278,17037306.18,
12:54:30,0.564134666,17041008.89,
12:54:35,0.52613211,17044744.26,
12:54:40,0.516666756,17048941.76,
12:54:45,0.55613972,17053533.43,
12:54:50,0.558872154,17057330.33,
12:54:55,0.560270088,17061559.31,
12:55:00,0.544669683,17065799.65,
12:55:05,0.633996322,17071608.23,
12:55:10,0.694568971,17077201.34,
12:55:15,0.755677324,17082817.86,
12:55:20,0.744198247,17088367.93,
12:55:25,0.742957313,17093933.09,
12:55:30,0.741915404,17099526.15,
12:55:35,0.713403258,17104434.11,
12:55:40,0.695696516,17109600.51,
12:55:45,0.692296436,17115117,
12:55:50,0.712865811,17120488.19,
12:55:55,0.734959195,17126152.14,
12:56:00,0.690254168,17130661.85,
12:56:05,0.682083033,17135849.03,
12:56:10,0.62583264,17140246.19,
12:56:15,0.68789901,17146153.66,
12:56:20,0.700426339,17151622.96,
12:56:25,0.695524927,17155909.74,
12:56:30,0.643596949,17160647.78,
12:56:35,0.594294201,17165006.75,
12:56:40,0.595460917,17169319.81,
12:56:45,0.571247082,17173512.53,
12:56:50,0.556974992,17177550.09,
12:56:55,0.572425216,17182211.1,
12:57:00,0.590698743,17186815.35,
12:57:05,0.646564407,17192111.03,
12:57:10,0.638200432,17196583.68,
12:57:15,0.625589846,17200903.93,
12:57:20,0.596355658,17205541.25,
12:57:25,0.62335886,17210622.01,
12:57:30,0.628797085,17215064.74,
12:57:35,0.636365435,17219872.5,
12:57:40,0.597449901,17224076.87,
12:57:45,0.588156295,17228310.3,
12:57:50,0.531563674,17231843.57,
12:57:55,0.565330086,17236808.38,
12:58:00,0.539013878,17240449.15,
12:58:05,0.612691267,17245641.67,
12:58:10,0.609016834,17250523.73,
12:58:15,0.687012515,17255921,
12:58:20,0.688998485,17261158.24,
12:58:25,0.687375042,17266003.74,
12:58:30,0.648818229,17270532.7,
12:58:35,0.614552906,17274998.27,
12:58:40,0.585862352,17279197.64,
12:58:45,0.585228484,17283712.33,
12:58:50,0.586451181,17288205.43,
12:58:55,0.586590419,17292407.94,
12:59:00,0.553343376,17296173.88,
12:59:05,0.567970223,17300996.39,
12:59:10,0.577702476,17305418.07,
12:59:15,0.640161029,17310590.61,
12:59:20,0.626981753,17315116.32,
12:59:25,0.626136967,17319518.98,
12:59:30,0.588267464,17323838.68,
12:59:35,0.576267116,17328094.13,
12:59:40,0.585541215,17332705.64,
12:59:45,0.571862395,17336717.29,
12:59:50,0.578884734,17341130.89,
12:59:55,0.555663328,17345219.45,
13:00:00,0.563882197,17349416.19,
13:00:05,0.74074171,17357812.75,
13:00:10,0.787317575,17362950.21,
13:00:15,0.880746512,17369251.02,
13:00:20,0.761056079,17374952.09,
13:00:25,0.777396446,17380457.55,
13:00:30,0.689996149,17384790.06,
13:00:35,0.659647421,17389807.67,
13:00:40,0.614342622,17394292.84,
13:00:45,0.646216628,17399343.17,
13:00:50,0.665665594,17404798.78,
13:00:55,0.672807824,17409444.8,
13:01:00,0.651617586,17414017.91,
13:01:05,0.664243555,17419757.86,
13:01:10,0.715920967,17425567.68,
13:01:15,0.75847335,17431099.09,
13:01:20,0.732059295,17436244.18,
13:01:25,0.702530455,17441389,
13:01:30,0.652317901,17445789.6,
13:01:35,0.674906866,17451443.41,
13:01:40,0.719824081,17457599.78,
13:01:45,0.793789621,17463666.13,
13:01:50,0.831092179,17470160,
13:01:55,0.865526396,17477091.85,
13:02:00,0.92143567,17484417.3,
13:02:05,1.112797381,17495220.73,
13:02:10,1.159503762,17503204.43,
13:02:15,1.125503436,17509764.17,
13:02:20,0.912760708,17515776.54,
13:02:25,0.818165214,17521629.9,
13:02:30,0.795056246,17527669.22,
13:02:35,0.774894596,17533227.53,
13:02:40,0.73742806,17538237.13,
13:02:45,0.711462326,17543691.69,
13:02:50,0.671270334,17548344.86,
13:02:55,0.655189732,17552992.32,
13:03:00,0.621165935,17557680.64,
13:03:05,0.699624846,17564100.75,
13:03:10,0.734838194,17569541.23,
13:03:15,0.76284239,17574860.22,
13:03:20,0.685145326,17579530.55,
13:03:25,0.650322415,17584186.8,
13:03:30,0.628524793,17589014.9,
13:03:35,0.646871588,17594098.4,
13:03:40,0.64741522,17598766.9,
13:03:45,0.644433014,17603527.84,
13:03:50,0.60196024,17607654.84,
13:03:55,0.601617378,17612315.61,
13:04:00,0.569061769,17616343.38,
13:04:05,0.617360193,17621558.08,
13:04:10,0.641420993,17626760.71,
13:04:15,0.675190259,17631548.99,
13:04:20,0.67893225,17636847.96,
13:04:25,0.674146447,17641942.81,
13:04:30,0.681708771,17646901.39,
13:04:35,0.654046804,17651577.41,
13:04:40,0.6195685,17655895.79,
13:04:45,0.584971099,17660075.22,
13:04:50,0.566829991,17664342.69,
13:04:55,0.580441729,17668967.62,
13:05:00,0.580171499,17673140.96,
13:05:05,0.658305467,17679168.04,
13:05:10,0.675295243,17684175.59,
13:05:15,0.722519565,17689412.45,
13:05:20,0.676250247,17694397.52,
13:05:25,0.66655986,17699186.84,
13:05:30,0.666119784,17704413.78,
13:05:35,0.656590362,17709184.25,
13:05:40,0.625647412,17713276.71,
13:05:45,0.646060104,17718963.36,
13:05:50,0.634333475,17723469.74,
13:05:55,0.675761644,17728495.19,
13:06:00,0.6406352,17733390.78,
13:06:05,0.690580855,17739021.95,
13:06:10,0.673815003,17743669.83,
13:06:15,0.683268621,17748778.31,
13:06:20,0.629041308,17753188.26,
13:06:25,0.630033896,17757858.49,
13:06:30,0.60422326,17762385.71,
13:06:35,0.619491586,17767139.51,
13:06:40,0.648294737,17772458.4,
13:06:45,0.652129184,17777071.97,
13:06:50,0.680278327,17782459.7,
13:06:55,0.640999313,17786894.01,
13:07:00,0.630934664,17791280.92,
13:07:05,0.652458249,17797153.38,
13:07:10,0.680391081,17802216.74,
13:07:15,0.713923103,17807358.81,
13:07:20,0.653894085,17811879.38,
13:07:25,0.648956198,17816831.54,
13:07:30,0.614081589,17821188.22,
13:07:35,0.617776322,17825792,
13:07:40,0.600085121,17830345.75,
13:07:45,0.603724032,17834784.37,
13:07:50,0.597514287,17839248.31,
13:07:55,0.618902123,17844283.72,
13:08:00,0.619713765,17848740.62,
13:08:05,0.661528566,17854146.25,
13:08:10,0.642135581,17858744.92,
13:08:15,0.66107723,17863628.4,
13:08:20,0.660250681,17869015.41,
13:08:25,0.698283527,17874470.6,
13:08:30,0.737406968,17880235.15,
13:08:35,0.706074214,17884916.54,
13:08:40,0.6846794,17889889.9,
13:08:45,0.64359124,17894729.14,
13:08:50,0.657046613,17899713.54,
13:08:55,0.656621762,17904677.34,
13:09:00,0.636211607,17909056.93,
13:09:05,0.639017783,17914104.53,
13:09:10,0.643721915,17919174.26,
13:09:15,0.653553126,17923775.25,
13:09:20,0.638632578,17928486.84,
13:09:25,0.59514327,17932577.18,
13:09:30,0.581398795,17936868.63,
13:09:35,0.555115414,17940988.3,
13:09:40,0.564438358,17945288.6,
13:09:45,0.559075461,17949459.28,
13:09:50,0.570721211,17953841.21,
13:09:55,0.56255753,17957957.66,
13:10:00,0.549251228,17961828.68,
13:10:05,0.610332938,17967586.2,
13:10:10,0.623412779,17971997.21,
13:10:15,0.675907225,17977050.43,
13:10:20,0.651291375,17982253.6,
13:10:25,0.671143942,17987111.7,
13:10:30,0.644010858,17991553.86,
13:10:35,0.625200042,17996333.4,
13:10:40,0.60679917,18000777.1,
13:10:45,0.619092743,18005496.13,
13:10:50,0.618200539,18010255.57,
13:10:55,0.64101533,18015213.08,
13:11:00,0.623737563,18019543,
13:11:05,0.682374038,18025622.96,
13:11:10,0.665114667,18030191.78,
13:11:15,0.646844787,18034110.25,
13:11:20,0.566903099,18038389.89,
13:11:25,0.571613098,18043064.78,
13:11:30,0.595625212,18047524.01,
13:11:35,0.620057738,18052353.89,
13:11:40,0.61405463,18056893.58,
13:11:45,0.617800268,18061437.17,
13:11:50,0.613655469,18066173.7,
13:11:55,0.624720002,18070962.57,
13:12:00,0.614697854,18075280.46,
13:12:05,0.611068617,18079935.26,
13:12:10,0.603804752,18084560.54,
13:12:15,0.611505997,18089051.87,
13:12:20,0.597103549,18093382.31,
13:12:25,0.592259704,18097898.51,
13:12:30,0.568801371,18101861.55,
13:12:35,0.574865059,18106328.55,
13:12:40,0.556631812,18110434.13,
13:12:45,0.580935407,18114944.49,
13:12:50,0.593807501,18119701.38,
13:12:55,0.600264165,18123952.36,
13:13:00,0.576468203,18127926.83,
13:13:05,0.600923882,18133234.47,
13:13:10,0.640050653,18138366.61,
13:13:15,0.674465839,18143116.12,
13:13:20,0.632936968,18147488.51,
13:13:25,0.601642276,18151915.88,
13:13:30,0.594636112,18156507.61,
13:13:35,0.578473521,18160516.01,
13:13:40,0.570851727,18164771.74,
13:13:45,0.546704339,18168819.65,
13:13:50,0.546295663,18172818.85,
13:13:55,0.547284605,18177096.85,
13:14:00,0.551304438,18181235.29,
13:14:05,0.574515853,18185757.23,
13:14:10,0.570261154,18189939.4,
13:14:15,0.574410552,18194171.29,
13:14:20,0.6095297,18199484.13,
13:14:25,0.632732393,18204188.84,
13:14:30,0.61525893,18208027.22,
13:14:35,0.542569848,18211703.06,
13:14:40,0.50199614,18215494.03,
13:14:45,0.513796987,18219598.17,
13:14:50,0.503849215,18223049.98,
13:14:55,0.494199426,18226623.64,
13:15:00,0.47754506,18230352.71,
13:15:05,0.582800059,18236174.92,
13:15:10,0.630536455,18240823.62,
13:15:15,0.705592113,18246242.99,
13:15:20,0.644333739,18250685.62,
13:15:25,0.683191865,18256209.43,
13:15:30,0.677939186,18261510.5,
13:15:35,0.704402244,18266549.1,
13:15:40,0.686904518,18271678.84,
13:15:45,0.690429564,18277059.3,
13:15:50,0.686294438,18282004.78,
13:15:55,0.673944409,18286856.39,
13:16:00,0.632210487,18291296.99,
13:16:05,0.663555927,18296948.37,
13:16:10,0.676389802,18302089.01,
13:16:15,0.691707924,18306874.58,
13:16:20,0.672729483,18312098.56,
13:16:25,0.677913495,18317355.95,
13:16:30,0.692053007,18322459.94,
13:16:35,0.692303414,18327689.56,
13:16:40,0.712079225,18333392.31,
13:16:45,0.719638694,18338666.55,
13:16:50,0.67448027,18342879.18,
13:16:55,0.620704133,18347370.87,
13:17:00,0.574393583,18351602.17,
13:17:05,0.603049566,18356460.15,
13:17:10,0.617086791,18361267.96,
13:17:15,0.626491089,18365711.05,
13:17:20,0.60904078,18370176.04,
13:17:25,0.589496346,18374543.7,
13:17:30,0.609638649,18379440.4,
13:17:35,0.60512593,18383803.76,
13:17:40,0.588066219,18387787.23,
13:17:45,0.580445853,18392512.32,
13:17:50,0.57013936,18396643.57,
13:17:55,0.577787637,18400799.28,
13:18:00,0.541952473,18404717.35,
13:18:05,0.577749101,18409654.76,
13:18:10,0.602484525,18414367.52,
13:18:15,0.628680525,18418875.53,
13:18:20,0.586761216,18422868.9,
13:18:25,0.567652734,18427151.33,
13:18:30,0.540113195,18431039.14,
13:18:35,0.573325666,18435780.47,
13:18:40,0.56066798,18439777.84,
13:18:45,0.595887037,18444458.8,
13:18:50,0.568187485,18448576.32,
13:18:55,0.565543542,18452514.15,
13:19:00,0.548155875,18456803.53,
13:19:05,0.591094098,18461888.04,
13:19:10,0.632963452,18466768.79,
13:19:15,0.65200517,18471487,
13:19:20,0.607114438,18475560.55,
13:19:25,0.604650966,18480385.82,
13:19:30,0.577854719,18484500.56,
13:19:35,0.611997454,18489343.03,
13:19:40,0.582537124,18493504.84,
13:19:45,0.595547029,18497912.57,
13:19:50,0.576824704,18502333.39,
13:19:55,0.563920575,18506204.6,
13:20:00,0.585527577,18511098.93,
13:20:05,0.656770832,18517124.19,
13:20:10,0.746865185,18523024.36,
13:20:15,0.740933599,18527785.11,
13:20:20,0.733344316,18533639.45,
13:20:25,0.698600857,18538757.18,
13:20:30,0.702474475,18543605.17,
13:20:35,0.660022159,18548503.46,
13:20:40,0.652496468,18553451.71,
13:20:45,0.672789745,18558756.71,
13:20:50,0.654466739,18563242.37,
13:20:55,0.638612438,18567833.57,
13:21:00,0.597965305,18572223.18,
13:21:05,0.63203065,18577476,
13:21:10,0.647938553,18582425.46,
13:21:15,0.658082178,18587043.5,
13:21:20,0.648982207,18592091.39,
13:21:25,0.627415168,18596555.15,
13:21:30,0.639456907,18601444.38,
13:21:35,0.623120188,18606124.35,
13:21:40,0.641519158,18611002.46,
13:21:45,0.61760949,18615353.24,
13:21:50,0.593537271,18619491.1,
13:21:55,0.59827756,18624475.96,
13:22:00,0.597983383,18628820.11,
13:22:05,0.63920095,18633886.21,
13:22:10,0.63091151,18638684.39,
13:22:15,0.674093162,18644001.01,
13:22:20,0.664460659,18648850.18,
13:22:25,0.670747001,18653789.93,
13:22:30,0.6281832,18658148,
13:22:35,0.597869677,18662314.49,
13:22:40,0.558022134,18666356.86,
13:22:45,0.562790175,18670822.3,
13:22:50,0.579144973,18675357.11,
13:22:55,0.60334517,18679944.48,
13:23:00,0.594207772,18684204.14,
13:23:05,0.632927136,18689610.93,
13:23:10,0.640161821,18694361.23,
13:23:15,0.646809422,18698770.6,
13:23:20,0.603684702,18703206.2,
13:23:25,0.581529628,18707457.55,
13:23:30,0.599992032,18712282.71,
13:23:35,0.602184481,18716767.68,
13:23:40,0.584061134,18720610.89,
13:23:45,0.540779255,18724461.31,
13:23:50,0.517990631,18728433.08,
13:23:55,0.521413706,18732353.38,
13:24:00,0.525993664,18736306.94,
13:24:05,0.562565301,18741102.32,
13:24:10,0.583461204,18745493.2,
13:24:15,0.63723734,18750657.83,
13:24:20,0.643859884,18755602.35,
13:24:25,0.676088489,18760719.04,
13:24:30,0.661152559,18765547.3,
13:24:35,0.665643709,18770592.96,
13:24:40,0.63590173,18775039.85,
13:24:45,0.613326086,18779359.7,
13:24:50,0.568704792,18783400.47,
13:24:55,0.565350226,18787771.8,
13:25:00,0.569924952,18792194.68,
13:25:05,0.658084557,18798220.85,
13:25:10,0.668734388,18802832.02,
13:25:15,0.68086557,18807528.1,
13:25:20,0.604086876,18811825.17,
13:25:25,0.583910477,18815981.96,
13:25:30,0.560845279,18820158.6,
13:25:35,0.569489475,18824650.35,
13:25:40,0.593170779,18829340.45,
13:25:45,0.64420354,18834666.38,
13:25:50,0.628769333,18838810.53,
13:25:55,0.62296747,18843369.98,
13:26:00,0.584440947,18847828.26,
13:26:05,0.639266129,18853207.11,
13:26:10,0.690828249,18858927.76,
13:26:15,0.683539327,18863221.9,
13:26:20,0.660973357,18868092.55,
13:26:25,0.602826119,18872503.69,
13:26:30,0.605093738,18876848.9,
13:26:35,0.583647225,18881236.56,
13:26:40,0.597235493,18885953.72,
13:26:45,0.613807394,18890672.13,
13:26:50,0.621094889,18895223.91,
13:26:55,0.604685538,18899571.53,
13:27:00,0.573451108,18903586.53,
13:27:05,0.57924853,18908268.87,
13:27:10,0.605263266,18913202.35,
13:27:15,0.637665681,18917947.06,
13:27:20,0.62655484,18922379.18,
13:27:25,0.623103696,18927234.94,
13:27:30,0.605680664,18931587.28,
13:27:35,0.620227583,18936347,
13:27:40,0.620793576,18941215.51,
13:27:45,0.624359695,18945648.16,
13:27:50,0.602336406,18949911.91,
13:27:55,0.553223644,18953674.37,
13:28:00,0.566618437,18958408.68,
13:28:05,0.601409789,18963455.94,
13:28:10,0.665721575,18968666.74,
13:28:15,0.677589504,18973668.31,
13:28:20,0.692194148,18979044.49,
13:28:25,0.675713751,18983884.13,
13:28:30,0.663086037,18988601.33,
13:28:35,0.6482922,18993644.34,
13:28:40,0.644180386,18998391.38,
13:28:45,0.658078531,19003421.57,
13:28:50,0.644126943,19008150.38,
13:28:55,0.630445902,19012589.33,
13:29:00,0.618890546,19017359.28,
13:29:05,0.640830102,19022582.18,
13:29:10,0.65010214,19027229.94,
13:29:15,0.633612227,19031628.53,
13:29:20,0.580573831,19035656.98,
13:29:25,0.577719128,19040240.45,
13:29:30,0.577244639,19044628.36,
13:29:35,0.607189291,19049331.18,
13:29:40,0.595971722,19053662.01,
13:29:45,0.596036425,19058051.38,
13:29:50,0.611752281,19063108.13,
13:29:55,0.602550655,19067231.74,
13:30:00,0.636786005,19072392.11,
13:30:05,0.860918209,19082496.42,
13:30:10,0.936937118,19088332.01,
13:30:15,1.052752188,19096100.59,
13:30:20,0.860243585,19101869.51,
13:30:25,0.857358274,19107640.13,
13:30:30,0.751045983,19113014.5,
13:30:35,0.728883138,19118284.31,
13:30:40,0.712340575,19123682.38,
13:30:45,0.719055416,19129207.98,
13:30:50,0.7157378,19134403.07,
13:30:55,0.691321292,19139251.27,
13:31:00,0.716387368,19145341.36,
13:31:05,0.775506895,19151867.85,
13:31:10,0.820556054,19157730.58,
13:31:15,0.829350273,19164018.73,
13:31:20,0.816522899,19170256.34,
13:31:25,0.776005489,19175206.6,
13:31:30,0.715448223,19180130.96,
13:31:35,0.648884993,19184869.54,
13:31:40,0.631279429,19189423.31,
13:31:45,0.616696987,19194019.27,
13:31:50,0.594417264,19198256.1,
13:31:55,0.588546258,19202677.65,
13:32:00,0.633712294,19208290.78,
13:32:05,0.721596278,19214506.79,
13:32:10,0.758862203,19219767.59,
13:32:15,0.791804444,19226122.59,
13:32:20,0.77053301,19231859.56,
13:32:25,0.788175683,19237517.69,
13:32:30,0.722694961,19242398.03,
13:32:35,0.692401579,19247452.78,
13:32:40,0.650674159,19252171.18,
13:32:45,0.691854458,19257978.92,
13:32:50,0.690046421,19262992.95,
13:32:55,0.718373021,19268349.28,
13:33:00,0.659550049,19272832.3,
13:33:05,0.667542933,19278026.34,
13:33:10,0.633826952,19282623.37,
13:33:15,0.651589833,19287506.41,
13:33:20,0.61278737,19291826.6,
13:33:25,0.609739827,19296355,
13:33:30,0.615070055,19301358.09,
13:33:35,0.637103494,19306174.48,
13:33:40,0.670132005,19311446.69,
13:33:45,0.689604759,19316888.31,
13:33:50,0.68829151,19321675.13,
13:33:55,0.658613917,19326278.99,
13:34:00,0.612098632,19330673.07,
13:34:05,0.617446305,19335580.32,
13:34:10,0.611295871,19340045.67,
13:34:15,0.616441822,19344555.63,
13:34:20,0.599124567,19349072.89,
13:34:25,0.6021913,19353607.3,
13:34:30,0.605421852,19358190.02,
13:34:35,0.617357021,19362976.06,
13:34:40,0.604153641,19367213.13,
13:34:45,0.589400243,19371463.6,
13:34:50,0.570529164,19375824.65,
13:34:55,0.585934191,19380408.65,
13:35:00,0.600575152,19384988.84,
13:35:05,0.676704754,19391064.37,
13:35:10,0.69699581,19396105.33,
13:35:15,0.734393837,19401527.74,
13:35:20,0.682433667,19406433.1,
13:35:25,0.65690008,19410899.03,
13:35:30,0.622487748,19415546.46,
13:35:35,0.660826348,19421315.23,
13:35:40,0.662621856,19425821.59,
13:35:45,0.686147905,19430998.84,
13:35:50,0.665503837,19436302.69,
13:35:55,0.67586853,19441042.48,
13:36:00,0.639637537,19445403.78,
13:36:05,0.666488179,19451312.32,
13:36:10,0.687343484,19456521.78,
13:36:15,0.708554972,19461360.78,
13:36:20,0.700737801,19467093.27,
13:36:25,0.714845279,19472620.44,
13:36:30,0.716723887,19477501.74,
13:36:35,0.664323958,19482054.16,
13:36:40,0.627514126,19486752.35,
13:36:45,0.631899976,19491732.43,
13:36:50,0.656429397,19496837.27,
13:36:55,0.639760758,19501160.07,
13:37:00,0.622270486,19505746.26,
13:37:05,0.603523896,19510428.91,
13:37:10,0.618052578,19515078.91,
13:37:15,0.634553117,19520036.7,
13:37:20,0.636111381,19524754.45,
13:37:25,0.654904911,19529827.68,
13:37:30,0.686994436,19535508.14,
13:37:35,0.697993474,19540473.59,
13:37:40,0.679444324,19545129.09,
13:37:45,0.615298418,19549364.95,
13:37:50,0.58815804,19553719.19,
13:37:55,0.599685961,19558634.31,
13:38:00,0.616647508,19563252.15,
13:38:05,0.692392222,19569312.2,
13:38:10,0.706511435,19574545.28,
13:38:15,0.72380744,19579552.64,
13:38:20,0.680894115,19584646.26,
13:38:25,0.652589876,19589241.92,
13:38:30,0.644070645,19594057.42,
13:38:35,0.623479227,19598687.31,
13:38:40,0.62350127,19603283.46,
13:38:45,0.598816911,19607543.06,
13:38:50,0.589291929,19611958.44,
13:38:55,0.563765478,19615979.73,
13:39:00,0.556511287,19620075.96,
13:39:05,0.599081432,19625450.04,
13:39:10,0.61074986,19629734.11,
13:39:15,0.646117671,19634626.84,
13:39:20,0.59523525,19638855.03,
13:39:25,0.582173804,19642844.94,
13:39:30,0.539791107,19646783.19,
13:39:35,0.557988831,19651421.2,
13:39:40,0.569403997,19655668.19,
13:39:45,0.616307024,19660662.72,
13:39:50,0.590613583,19664722.1,
13:39:55,0.613255357,19669479,
13:40:00,0.594957883,19674061.46,
13:40:05,0.71911552,19680916.93,
13:40:10,0.734529904,19686020.96,
13:40:15,0.752196206,19691001.28,
13:40:20,0.680733626,19696247.37,
13:40:25,0.698358697,19701748.33,
13:40:30,0.721181576,19707242.63,
13:40:35,0.688382221,19711750.07,
13:40:40,0.636035101,19716072.15,
13:40:45,0.624221091,19721300.39,
13:40:50,0.626923394,19725868.68,
13:40:55,0.643982788,19730574.95,
13:41:00,0.603300449,19734887,
13:41:05,0.659527847,19740721.56,
13:41:10,0.680848601,19745907.98,
13:41:15,0.702107507,19750698.8,
13:41:20,0.678149788,19755993.82,
13:41:25,0.708165961,19761856.22,
13:41:30,0.733326872,19767213.67,
13:41:35,0.737299764,19772598.16,
13:41:40,0.712269687,19777896.87,
13:41:45,0.673935528,19782391.02,
13:41:50,0.636007666,19786921.36,
13:41:55,0.607013736,19791567.11,
13:42:00,0.620072327,19796355.34,
13:42:05,0.682683281,19802295.71,
13:42:10,0.740546808,19808244.58,
13:42:15,0.765988415,19813605.77,
13:42:20,0.720774169,19818527.89,
13:42:25,0.705074648,19824123.2,
13:42:30,0.665601367,19828595.43,
13:42:35,0.671736577,19833655.72,
13:42:40,0.641295552,19838565.48,
13:42:45,0.648662973,19843203.63,
13:42:50,0.640470905,19848079.43,
13:42:55,0.628581567,19852721.44,
13:43:00,0.611262726,19856969.56,
13:43:05,0.656439546,19862862.76,
13:43:10,0.70053275,19868497.77,
13:43:15,0.748282942,19873821.25,
13:43:20,0.714695416,19878958.05,
13:43:25,0.684420113,19883911.24,
13:43:30,0.665421372,19888806.85,
13:43:35,0.65296509,19893663.13,
13:43:40,0.609938535,19897647.34,
13:43:45,0.59680858,19902247.27,
13:43:50,0.582247863,19906775.63,
13:43:55,0.60762001,19911331.24,
13:44:00,0.627730913,19916384.07,
13:44:05,0.67326804,19921937.95,
13:44:10,0.674533396,19926522.05,
13:44:15,0.658179233,19931206.58,
13:44:20,0.634459075,19936226.27,
13:44:25,0.643860677,19941022.1,
13:44:30,0.654532076,19945946.95,
13:44:35,0.646746781,19950791.32,
13:44:40,0.635643077,19955337.09,
13:44:45,0.598676562,19959429.44,
13:44:50,0.560593603,19963416.15,
13:44:55,0.553820085,19967809.38,
13:45:00,0.55720843,19971978.04,
13:45:05,0.632108516,19977651.54,
13:45:10,0.652677732,19982507.99,
13:45:15,0.691900447,19987559.96,
13:45:20,0.641657444,19992101.97,
13:45:25,0.616563457,19996393.3,
13:45:30,0.604361388,20001170.47,
13:45:35,0.602400633,20005668.32,
13:45:40,0.638031697,20010762.08,
13:45:45,0.650228057,20015813.92,
13:45:50,0.658841963,20020505.76,
13:45:55,0.644931607,20025286.24,
13:46:00,0.60312315,20029396.54,
13:46:05,0.63860879,20034887.53,
13:46:10,0.649759436,20039919.14,
13:46:15,0.695002228,20045048.32,
13:46:20,0.685571287,20050326.93,
13:46:25,0.723325656,20056208.78,
13:46:30,0.711094724,20061062.51,
13:46:35,0.70302445,20066159.37,
13:46:40,0.648567663,20070814.83,
13:46:45,0.643734126,20075559.71,
13:46:50,0.599271259,20079655.25,
13:46:55,0.579618986,20083868.13,
13:47:00,0.544655252,20087825.61,
13:47:05,0.598388887,20093131.25,
13:47:10,0.650519696,20098518.14,
13:47:15,0.685272511,20103258.28,
13:47:20,0.672200123,20108269.52,
13:47:25,0.641324731,20112961.08,
13:47:30,0.627575657,20117391.58,
13:47:35,0.626332186,20122374.82,
13:47:40,0.603761775,20126558.08,
13:47:45,0.603569728,20130984.26,
13:47:50,0.567909802,20135164.42,
13:47:55,0.593165229,20139916.45,
13:48:00,0.601699525,20144534.82,
13:48:05,0.631700316,20149390.61,
13:48:10,0.631134165,20154129.89,
13:48:15,0.634082434,20158814.66,
13:48:20,0.621209388,20163380.54,
13:48:25,0.608270053,20167828.42,
13:48:30,0.600413553,20172336.26,
13:48:35,0.582949606,20176508.85,
13:48:40,0.550451088,20180224.84,
13:48:45,0.531110595,20184297.12,
13:48:50,0.519875423,20188216.69,
13:48:55,0.548767382,20192583.35,
13:49:00,0.536087811,20196370.08,
13:49:05,0.590187939,20201508,
13:49:10,0.603548319,20206175.54,
13:49:15,0.629707368,20210551.39,
13:49:20,0.595617124,20214921.59,
13:49:25,0.584031002,20219328.2,
13:49:30,0.569459502,20223375.89,
13:49:35,0.57467317,20227863.5,
13:49:40,0.557134212,20231875.13,
13:49:45,0.544010442,20235627.26,
13:49:50,0.523915714,20239662.33,
13:49:55,0.525135715,20243701.44,
13:50:00,0.525645886,20247465.06,
13:50:05,0.624778203,20253732.64,
13:50:10,0.669173671,20258771.55,
13:50:15,0.717558048,20263624.81,
13:50:20,0.643004472,20268213.4,
13:50:25,0.620413128,20272743.55,
13:50:30,0.62038712,20277596.22,
13:50:35,0.624872086,20282285.82,
13:50:40,0.640754298,20287173.64,
13:50:45,0.679524727,20292899.44,
13:50:50,0.693163584,20297896.2,
13:50:55,0.676454981,20302407.73,
13:51:00,0.640419365,20307321.99,
13:51:05,0.649199152,20312516.47,
13:51:10,0.671009461,20317519.18,
13:51:15,0.685631867,20322762.75,
13:51:20,0.661299092,20327409.24,
13:51:25,0.636315322,20331849.31,
13:51:30,0.612511431,20336556.8,
13:51:35,0.622597965,20341430.45,
13:51:40,0.610236993,20345592.14,
13:51:45,0.585494591,20349742.42,
13:51:50,0.568545572,20354234.36,
13:51:55,0.572532103,20358485.83,
13:52:00,0.574355998,20362677.19,
13:52:05,0.621083629,20368221.46,
13:52:10,0.666210178,20373489.2,
13:52:15,0.684508286,20378092.64,
13:52:20,0.673740309,20383394.42,
13:52:25,0.691185384,20389055.03,
13:52:30,0.692254252,20393682.54,
13:52:35,0.679752932,20398702.78,
13:52:40,0.656565939,20403841.21,
13:52:45,0.649686962,20408313.8,
13:52:50,0.665211087,20413683.65,
13:52:55,0.651051752,20418503.2,
13:53:00,0.639754414,20422721.38,
13:53:05,0.612151441,20427469.59,
13:53:10,0.637839015,20432867.64,
13:53:15,0.641871059,20437176.62,
13:53:20,0.635946452,20441791.41,
13:53:25,0.618670905,20446800.41,
13:53:30,0.648340727,20451777.56,
13:53:35,0.646031559,20456340.35,
13:53:40,0.629839311,20460984.69,
13:53:45,0.625210191,20465857.59,
13:53:50,0.605171762,20469969.11,
13:53:55,0.600786071,20474514.68,
13:54:00,0.5573464,20478409.3,
13:54:05,0.592575924,20483314.2,
13:54:10,0.601345562,20488057.27,
13:54:15,0.633065423,20492666.24,
13:54:20,0.614429844,20497151.45,
13:54:25,0.609641979,20501786.7,
13:54:30,0.581530262,20505762.58,
13:54:35,0.577955104,20510167.28,
13:54:40,0.538167664,20513906.49,
13:54:45,0.545451353,20518046.4,
13:54:50,0.549081699,20522532.86,
13:54:55,0.591910815,20527236.6,
13:55:00,0.602543995,20531615.98,
13:55:05,0.656866777,20537325.81,
13:55:10,0.658577759,20542068.09,
13:55:15,0.679361066,20546915.51,
13:55:20,0.620981183,20551310.61,
13:55:25,0.626586399,20556179.11,
13:55:30,0.644420327,20561428.17,
13:55:35,0.657626561,20566120.67,
13:55:40,0.651899551,20570860.2,
13:55:45,0.658375562,20576255.1,
13:55:50,0.650760429,20580776.11,
13:55:55,0.694234831,20586494.7,
13:56:00,0.657224863,20591056.12,
13:56:05,0.690086226,20596317.18,
13:56:10,0.658550165,20601325.57,
13:56:15,0.690391186,20606604.06,
13:56:20,0.694504903,20611957.76,
13:56:25,0.695593118,20616990.66,
13:56:30,0.678868181,20621892.49,
13:56:35,0.639595353,20626361.75,
13:56:40,0.614724338,20630834.54,
13:56:45,0.627528082,20636024.73,
13:56:50,0.638042005,20640730.76,
13:56:55,0.647695917,20645420.96,
13:57:00,0.608101952,20649719.47,
13:57:05,0.645790667,20655274.28,
13:57:10,0.650221872,20660064.27,
13:57:15,0.700420154,20665493.27,
13:57:20,0.678435083,20670552.96,
13:57:25,0.674243343,20675248.55,
13:57:30,0.645597826,20680032.44,
13:57:35,0.604601646,20684168.88,
13:57:40,0.603439053,20688838.29,
13:57:45,0.574712182,20692975.23,
13:57:50,0.568801054,20696978.55,
13:57:55,0.55366927,20701307.19,
13:58:00,0.558552603,20705554.1,
13:58:05,0.609448663,20710703.63,
13:58:10,0.643326084,20715795.2,
13:58:15,0.706315423,20721460.66,
13:58:20,0.73378455,20727228.8,
13:58:25,0.7830781,20733430.49,
13:58:30,0.734988217,20738012.95,
13:58:35,0.692927449,20742833.86,
13:58:40,0.610779674,20747185.54,
13:58:45,0.602732712,20751586.78,
13:58:50,0.572230631,20755720.77,
13:58:55,0.583192559,20760319.31,
13:59:00,0.602463433,20765154.54,
13:59:05,0.65934024,20770569.43,
13:59:10,0.678499945,20775599.46,
13:59:15,0.688345588,20780656.41,
13:59:20,0.657059776,20785366.73,
13:59:25,0.623890281,20789649.76,
13:59:30,0.592681066,20794003.88,
13:59:35,0.59978809,20798874.24,
13:59:40,0.621599192,20803648.48,
13:59:45,0.612272759,20807792.55,
13:59:50,0.567171426,20811647.21,
13:59:55,0.528354849,20815547.28,
14:00:00,0.527295654,20819667.5,
14:00:05,0.918542748,20832333.23,
14:00:10,1.133366439,20841071.23,
14:00:15,1.354650124,20850174.87,
14:00:20,1.239027735,20860236.73,
14:00:25,1.230809817,20868789.66,
14:00:30,1.221858599,20877691.71,
14:00:35,1.174630154,20886689.96,
14:00:40,1.170971738,20895160.5,
14:00:45,1.1895239,20904480.35,
14:00:50,1.112265326,20911738.71,
14:00:55,1.130054215,20920609.86,
14:01:00,1.054734511,20928233.48,
14:01:05,1.174167718,20938181.53,
14:01:10,1.188252518,20947369.88,
14:01:15,1.194289087,20955129.44,
14:01:20,1.133386579,20963705.93,
14:01:25,1.093045358,20971985.78,
14:01:30,1.086607249,20979600.35,
14:01:35,1.042360535,20987180.39,
14:01:40,0.980045503,20994056.87,
14:01:45,0.943520332,21000848.88,
14:01:50,0.923821753,21007985.3,
14:01:55,0.923610992,21014857.03,
14:02:00,0.925566514,21021693.08,
14:02:05,0.958513988,21029571.49,
14:02:10,0.960728005,21036493.09,
14:02:15,0.984828452,21043871.89,
14:02:20,0.958788024,21051163.85,
14:02:25,0.918154054,21057170.35,
14:02:30,0.86373279,21063323.56,
14:02:35,0.855056084,21070420.13,
14:02:40,0.879489243,21076976.87,
14:02:45,0.928814827,21084240.92,
14:02:50,0.91020938,21090918.48,
14:02:55,0.901743592,21097284.57,
14:03:00,0.848892645,21103358.39,
14:03:05,0.896391479,21111105.64,
14:03:10,0.892157238,21117376.38,
14:03:15,0.889138239,21123382.2,
14:03:20,0.794844693,21129005.92,
14:03:25,0.774739181,21134823.87,
14:03:30,0.810802233,21141641.86,
14:03:35,0.808524465,21147214.28,
14:03:40,0.810964149,21153087.17,
14:03:45,0.767058394,21158916.38,
14:03:50,0.766743601,21164481.71,
14:03:55,0.735635088,21169654.03,
14:04:00,0.712107136,21174953.37,
14:04:05,0.780459848,21182058.04,
14:04:10,0.886728052,21189623.56,
14:04:15,1.018840195,21197898.14,
14:04:20,1.037925048,21205432.61,
14:04:25,1.02272872,21212655.9,
14:04:30,0.925633278,21218743.84,
14:04:35,0.87923392,21225233.38,
14:04:40,0.846941405,21231729.43,
14:04:45,0.857503856,21238055.24,
14:04:50,0.868124666,21244783.96,
14:04:55,0.885758775,21251677.14,
14:05:00,0.886156191,21258011.9,
14:05:05,1.010915503,21267550.26,
14:05:10,1.047083697,21275257.96,
14:05:15,1.067046956,21282042.31,
14:05:20,0.93319021,21288566.15,
14:05:25,0.903324852,21295601.27,
14:05:30,0.902823879,21302374.33,
14:05:35,0.91206975,21309106.39,
14:05:40,0.872474199,21315249.81,
14:05:45,0.878200099,21322151.82,
14:05:50,0.849792144,21328244.12,
14:05:55,0.878084966,21335024.7,
14:06:00,0.886703313,21342120.8,
14:06:05,0.996239812,21350679.91,
14:06:10,0.990750998,21357336.89,
14:06:15,0.992889845,21364481.15,
14:06:20,0.899870218,21370945.42,
14:06:25,0.879605962,21377146.03,
14:06:30,0.845378225,21383519.48,
14:06:35,0.841827805,21389903.79,
14:06:40,0.820835958,21395631.65,
14:06:45,0.806844089,21401689.99,
14:06:50,0.766595006,21407167.87,
14:06:55,0.785201406,21413314.76,
14:07:00,0.736749154,21418281.93,
14:07:05,0.795162181,21425075.3,
14:07:10,0.77990559,21430878.61,
14:07:15,0.854693398,21437530.04,
14:07:20,0.845485905,21444116.05,
14:07:25,0.845759148,21449925.51,
14:07:30,0.807379158,21455712.6,
14:07:35,0.788196299,21461866.61,
14:07:40,0.785294495,21467610.71,
14:07:45,0.806531516,21473876.08,
14:07:50,0.808326232,21480070.5,
14:07:55,0.804978644,21485739.22,
14:08:00,0.803765145,21491977.25,
14:08:05,0.816399837,21498456.21,
14:08:10,0.874470636,21505432.71,
14:08:15,0.896923376,21512176.39,
14:08:20,0.896047824,21518635.64,
14:08:25,0.863181863,21524871.98,
14:08:30,0.814808904,21530526.28,
14:08:35,0.790083153,21536428.69,
14:08:40,0.778315926,21542400.03,
14:08:45,0.808751084,21548739.74,
14:08:50,0.824395576,21554994.47,
14:08:55,0.857185415,21561704.25,
14:09:00,0.851034506,21567905.44,
14:09:05,0.898845595,21575236.9,
14:09:10,0.870028964,21581297.72,
14:09:15,0.851313775,21587077.44,
14:09:20,0.758747387,21592324.26,
14:09:25,0.746053701,21598099.21,
14:09:30,0.771535748,21604452.79,
14:09:35,0.799075445,21610319.82,
14:09:40,0.778617556,21615634.05,
14:09:45,0.729109916,21620872.69,
14:09:50,0.677012727,21625566.47,
14:09:55,0.647646914,21630219.36,
14:10:00,0.661822584,21635777.25,
14:10:05,0.834324476,21644355.85,
14:10:10,0.882371858,21650090.8,
14:10:15,0.918309468,21656458.02,
14:10:20,0.822176167,21662871.65,
14:10:25,0.810952731,21668353.84,
14:10:30,0.76979733,21673794.23,
14:10:35,0.761939878,21680030.9,
14:10:40,0.763217287,21685541.86,
14:10:45,0.819083743,21692240.38,
14:10:50,0.837928497,21698901.45,
14:10:55,0.85756507,21704854.64,
14:11:00,0.806822839,21710410.42,
14:11:05,0.83531643,21717713.18,
14:11:10,0.850838018,21724015.91,
14:11:15,0.854992173,21729665.25,
14:11:20,0.757591613,21734774.5,
14:11:25,0.737888751,21740633.52,
14:11:30,0.738251754,21746291.03,
14:11:35,0.765195962,21752007.08,
14:11:40,0.757191977,21757685.85,
14:11:45,0.763169235,21763477.97,
14:11:50,0.745133903,21768787.85,
14:11:55,0.735444944,21774248.42,
14:12:00,0.692673236,21779077.3,
14:12:05,0.720008675,21785002.79,
14:12:10,0.728019321,21790643.76,
14:12:15,0.762101635,21796240.19,
14:12:20,0.76343677,21802195.75,
14:12:25,0.752454384,21807589.39,
14:12:30,0.769981131,21813580.54,
14:12:35,0.754758002,21819193.26,
14:12:40,0.744917117,21824365.28,
14:12:45,0.743008695,21830313.45,
14:12:50,0.781353955,21836789.73,
14:12:55,0.788478265,21842122.19,
14:13:00,0.774216958,21847749.18,
14:13:05,0.809791882,21855026.63,
14:13:10,0.840401484,21861048.43,
14:13:15,0.875269433,21867460.67,
14:13:20,0.809143425,21873248.93,
14:13:25,0.76623232,21878304.35,
14:13:30,0.734478363,21884001.47,
14:13:35,0.717773725,21889413.53,
14:13:40,0.738268247,21894930.5,
14:13:45,0.747748191,21900841.12,
14:13:50,0.769699641,21906747.54,
14:13:55,0.747038361,21911754.16,
14:14:00,0.746415753,21917650.76,
14:14:05,0.772717371,21924149.5,
14:14:10,0.792413572,21929599.7,
14:14:15,0.780760527,21935233.86,
14:14:20,0.745406195,21940936.4,
14:14:25,0.740953264,21946286.32,
14:14:30,0.713233571,21951296.22,
14:14:35,0.688337341,21956438.09,
14:14:40,0.687851593,21961777.06,
14:14:45,0.701106672,21967085.48,
14:14:50,0.719384799,21972638.98,
14:14:55,0.705060058,21977655.35,
14:15:00,0.69619067,21982764.02,
14:15:05,0.861527178,21992040.98,
14:15:10,0.972195346,21999549.66,
14:15:15,1.05820199,22006595.24,
14:15:20,0.962053465,22013706.89,
14:15:25,0.928210298,22020453.4,
14:15:30,0.921414261,22027345.93,
14:15:35,0.87803517,22033480.66,
14:15:40,0.828737973,22039116.97,
14:15:45,0.812174317,22045636.48,
14:15:50,0.828806323,22052145.77,
14:15:55,0.842886049,22058099.17,
14:16:00,0.812690038,22063938.65,
14:16:05,0.82124844,22070640.68,
14:16:10,0.811785306,22076380.96,
14:16:15,0.810817616,22082198.65,
14:16:20,0.825513923,22089231.65,
14:16:25,0.863691716,22095831.71,
14:16:30,0.890684768,22102257.29,
14:16:35,0.855613196,22108500.46,
14:16:40,0.819417725,22114285.39,
14:16:45,0.796774206,22120201.03,
14:16:50,0.773066577,22125910.29,
14:16:55,0.74720884,22131112.89,
14:17:00,0.739723431,22136859.95,
14:17:05,0.753524997,22142880.04,
14:17:10,0.767762198,22148403.26,
14:17:15,0.745020673,22153638.18,
14:17:20,0.722722237,22159156.09,
14:17:25,0.744584879,22165171.67,
14:17:30,0.769463665,22170966.86,
14:17:35,0.745128036,22175936.73,
14:17:40,0.702180615,22180985.11,
14:17:45,0.679164578,22186261.98,
14:17:50,0.701271125,22191729.69,
14:17:55,0.720692814,22197215.46,
14:18:00,0.720975414,22202498.69,
14:18:05,0.759652912,22208837.43,
14:18:10,0.756084731,22214242.85,
14:18:15,0.778425668,22220029.2,
14:18:20,0.742832506,22225566.38,
14:18:25,0.772487421,22231639.63,
14:18:30,0.740282604,22236700.72,
14:18:35,0.742272857,22242282.71,
14:18:40,0.740284666,22248311.2,
14:18:45,0.762312396,22253868.36,
14:18:50,0.738191333,22258907.14,
14:18:55,0.727763205,22264700.77,
14:19:00,0.721722829,22270121.9,
14:19:05,0.799807477,22276919.18,
14:19:10,0.795168683,22282608.35,
14:19:15,0.782784716,22287750.59,
14:19:20,0.737149741,22293520.15,
14:19:25,0.739424814,22299260.55,
14:19:30,0.757533254,22304810.6,
14:19:35,0.755251045,22310528.76,
14:19:40,0.722887959,22315540.33,
14:19:45,0.722166077,22321074.13,
14:19:50,0.685817888,22325973.71,
14:19:55,0.69902,22331282.6,
14:20:00,0.689315657,22336597.84,
14:20:05,0.786392068,22343683.63,
14:20:10,0.818525838,22349716.19,
14:20:15,0.8343554,22355387.93,
14:20:20,0.792627504,22361533.98,
14:20:25,0.784473179,22367382.9,
14:20:30,0.795860752,22373311.09,
14:20:35,0.804361587,22379648.59,
14:20:40,0.788785287,22385146.72,
14:20:45,0.813350707,22391628.14,
14:20:50,0.80551403,22397789.15,
14:20:55,0.795415443,22403059.86,
14:21:00,0.750776704,22408535.99,
14:21:05,0.758214221,22414864.5,
14:21:10,0.778173516,22420584.7,
14:21:15,0.809685789,22426770.5,
14:21:20,0.793156546,22432726.76,
14:21:25,0.812773296,22438888.74,
14:21:30,0.765992063,22444021,
14:21:35,0.773799878,22450153.1,
14:21:40,0.766023304,22456139.95,
14:21:45,0.782063151,22461633.44,
14:21:50,0.747386615,22466984.61,
14:21:55,0.725120055,22472470,
14:22:00,0.723405425,22477924.88,
14:22:05,0.784713913,22484656.74,
14:22:10,0.780983498,22490058.12,
14:22:15,0.817848201,22496343.21,
14:22:20,0.779745895,22502216.99,
14:22:25,0.838085814,22508932.21,
14:22:30,0.827835619,22514986.46,
14:22:35,0.817386399,22520624.92,
14:22:40,0.757938282,22526001.35,
14:22:45,0.728334907,22531388.91,
14:22:50,0.729143853,22537045.59,
14:22:55,0.73829489,22542628.1,
14:23:00,0.736686512,22547979.44,
14:23:05,0.771473106,22554419.53,
14:23:10,0.77950865,22560183.01,
14:23:15,0.792692841,22565831.26,
14:23:20,0.753616342,22571391.33,
14:23:25,0.726175919,22576536.84,
14:23:30,0.717622593,22581992.47,
14:23:35,0.720254166,22587611.8,
14:23:40,0.745360681,22593322.71,
14:23:45,0.717904083,22598160.01,
14:23:50,0.690757044,22603167.98,
14:23:55,0.652960649,22608027.7,
14:24:00,0.649057218,22612777.09,
14:24:05,0.712929721,22619223.5,
14:24:10,0.757089372,22625077.71,
14:24:15,0.810344395,22631026.43,
14:24:20,0.772797298,22636627.26,
14:24:25,0.752197316,22642017.56,
14:24:30,0.745246182,22647809.73,
14:24:35,0.738225112,22653252.44,
14:24:40,0.740405191,22658691.84,
14:24:45,0.746341217,22664617.69,
14:24:50,0.760997402,22670390.47,
14:24:55,0.766496524,22675953.7,
14:25:00,0.730843417,22681076.64,
14:25:05,0.77085478,22687750.49,
14:25:10,0.790677216,22693760.13,
14:25:15,0.785617852,22698769.13,
14:25:20,0.722615192,22704024.13,
14:25:25,0.714282934,22709846.13,
14:25:30,0.744439139,22715534.25,
14:25:35,0.734230335,22720559.34,
14:25:40,0.695306712,22725504.76,
14:25:45,0.72780745,22731924.82,
14:25:50,0.750118573,22737452.37,
14:25:55,0.779356566,22743056.25,
14:26:00,0.716760203,22748066.6,
14:26:05,0.757138216,22754503.49,
14:26:10,0.774367139,22760495.36,
14:26:15,0.827001141,22766691.06,
14:26:20,0.771793767,22771884.65,
14:26:25,0.752304679,22777437.63,
14:26:30,0.717227238,22782843.36,
14:26:35,0.736564718,22788472.44,
14:26:40,0.736399948,22794021.7,
14:26:45,0.760131048,22799961.88,
14:26:50,0.744170019,22805231.5,
14:26:55,0.746939562,22810843.14,
14:27:00,0.730629802,22816416.01,
14:27:05,0.801311823,22823277.43,
14:27:10,0.82038272,22829318.55,
14:27:15,0.838305773,22835295.06,
14:27:20,0.818304928,22841706.05,
14:27:25,0.798807435,22847308.08,
14:27:30,0.757377839,22852351.57,
14:27:35,0.722178764,22857969.86,
14:27:40,0.720707087,22863538.74,
14:27:45,0.743650809,22869098.94,
14:27:50,0.726121049,22874322.45,
14:27:55,0.754588949,22880532.45,
14:28:00,0.723796498,22885399.18,
14:28:05,0.784493954,22891989.63,
14:28:10,0.817342154,22898939.38,
14:28:15,0.902484505,22905723.56,
14:28:20,0.884693079,22911913.34,
14:28:25,0.882570883,22918815.3,
14:28:30,0.872779636,22925378.98,
14:28:35,0.834974995,22930717.38,
14:28:40,0.799238947,22936814.54,
14:28:45,0.804212199,22943490.22,
14:28:50,0.811827173,22949000.11,
14:28:55,0.80280808,22954894.16,
14:29:00,0.742607156,22960214.09,
14:29:05,0.770509539,22966352.35,
14:29:10,0.800598821,22972924.03,
14:29:15,0.792658587,22978065.14,
14:29:20,0.714417098,22982441.37,
14:29:25,0.626337419,22987029.45,
14:29:30,0.629609203,22992244.24,
14:29:35,0.665146226,22997420.78,
14:29:40,0.701045775,23002817.34,
14:29:45,0.722321808,23008511.27,
14:29:50,0.743166012,23014157.23,
14:29:55,0.721122899,23019057.37,
14:30:00,0.727552603,23024896.1,
14:30:05,0.927978763,23035055.76,
14:30:10,1.059189187,23042910.81,
14:30:15,1.106480432,23049814.57,
14:30:20,0.976162529,23057039.4,
14:30:25,0.949613676,23064296.57,
14:30:30,0.969211712,23071641.68,
14:30:35,0.93773195,23078157.58,
14:30:40,0.88949474,23084328.41,
14:30:45,0.857838472,23090960.61,
14:30:50,0.841601028,23097110.83,
14:30:55,0.860432143,23103705.76,
14:31:00,0.838342406,23109840.49,
14:31:05,0.882110984,23116976.39,
14:31:10,0.880974875,23123545.73,
14:31:15,0.89050176,23129895.01,
14:31:20,0.856828756,23136272.59,
14:31:25,0.823747435,23142096.92,
14:31:30,0.82169359,23148399.94,
14:31:35,0.824132799,23154832.45,
14:31:40,0.840748629,23161030.98,
14:31:45,0.826301619,23167008.65,
14:31:50,0.816494354,23173220.29,
14:31:55,0.798797761,23179020.29,
14:32:00,0.79166917,23184837.42,
14:32:05,0.846674823,23192287.81,
14:32:10,0.902116586,23199336.38,
14:32:15,0.975472205,23206805.52,
14:32:20,0.985177657,23214474.49,
14:32:25,0.961263708,23220984.5,
14:32:30,0.925045084,23227637.98,
14:32:35,0.904933388,23234854.02,
14:32:40,0.904247663,23241348.59,
14:32:45,0.899154837,23247887.37,
14:32:50,0.893360111,23254972.91,
14:32:55,0.916736138,23261993.93,
14:33:00,0.905842402,23268287.38,
14:33:05,0.973641807,23276899.79,
14:33:10,0.930021031,23282938.44,
14:33:15,0.957536306,23289851.55,
14:33:20,0.85185931,23296084.07,
14:33:25,0.84482032,23301964.2,
14:33:30,0.809946028,23308091.92,
14:33:35,0.811834785,23314366.98,
14:33:40,0.801013205,23320003.4,
14:33:45,0.782377626,23325711.44,
14:33:50,0.732724563,23330868.29,
14:33:55,0.718248373,23336178.7,
14:34:00,0.693785716,23341335.83,
14:34:05,0.752802955,23347821.77,
14:34:10,0.778488785,23353710.64,
14:34:15,0.820487862,23359813.6,
14:34:20,0.829619868,23366505.2,
14:34:25,0.843175309,23372699.35,
14:34:30,0.844227526,23378826.01,
14:34:35,0.790180208,23384300.44,
14:34:40,0.766172058,23389953.91,
14:34:45,0.733809607,23395351.75,
14:34:50,0.715279487,23400408.88,
14:34:55,0.713850153,23406030.15,
14:35:00,0.686137121,23410803.89,
14:35:05,0.767861156,23417701.48,
14:35:10,0.796490972,23423967.51,
14:35:15,0.889153305,23430828.05,
14:35:20,0.909463075,23438183.02,
14:35:25,0.92356976,23444766.74,
14:35:30,0.904087967,23451188.54,
14:35:35,0.856793867,23457478.43,
14:35:40,0.829482216,23463447.08,
14:35:45,0.826804653,23469808.58,
14:35:50,0.810672985,23475735.17,
14:35:55,0.821823789,23481954.94,
14:36:00,0.809097911,23488029.85,
14:36:05,0.877576857,23495498.62,
14:36:10,0.915813803,23502579.51,
14:36:15,0.94449849,23509300.4,
14:36:20,0.963838349,23517204.72,
14:36:25,0.92673323,23523449.98,
14:36:30,0.934424325,23530344.09,
14:36:35,0.840116664,23536124.55,
14:36:40,0.826788794,23542069.66,
14:36:45,0.778227752,23547870.15,
14:36:50,0.780666327,23553705.53,
14:36:55,0.767569675,23559355.7,
14:37:00,0.764555117,23565088.29,
14:37:05,0.822917238,23572238.01,
14:37:10,0.845370137,23578393.84,
14:37:15,0.840061794,23584006.89,
14:37:20,0.770690009,23589594.32,
14:37:25,0.740533011,23595070.99,
14:37:30,0.761277623,23601151.22,
14:37:35,0.781437688,23607192.67,
14:37:40,0.788169498,23612820.95,
14:37:45,0.792125421,23618990.26,
14:37:50,0.777727414,23624707.46,
14:37:55,0.79192037,23630655.37,
14:38:00,0.764594605,23636209.3,
14:38:05,0.790732562,23642515.14,
14:38:10,0.794480897,23648547.46,
14:38:15,0.803500783,23654304.52,
14:38:20,0.780421629,23660090.61,
14:38:25,0.760718291,23665679.2,
14:38:30,0.763441369,23671497.59,
14:38:35,0.80641448,23678251.45,
14:38:40,0.804440245,23683795.58,
14:38:45,0.850301522,23690646.78,
14:38:50,0.809884814,23696490.44,
14:38:55,0.802640296,23701871.42,
14:39:00,0.741557793,23707347.02,
14:39:05,0.779533707,23714045.91,
14:39:10,0.809553845,23720102.96,
14:39:15,0.795112068,23725253.32,
14:39:20,0.725718082,23730389.43,
14:39:25,0.72012365,23736320.49,
14:39:30,0.717771188,23741417.87,
14:39:35,0.748795174,23747252.65,
14:39:40,0.71634344,23752452.89,
14:39:45,0.71200358,23757452.53,
14:39:50,0.715581117,23763367.88,
14:39:55,0.739362014,23769103.67,
14:40:00,0.779907969,23775016.43,
14:40:05,0.838285791,23782246.48,
14:40:10,0.878051821,23788877.82,
14:40:15,0.908647785,23795479.61,
14:40:20,0.896875959,23802444.55,
14:40:25,0.900022619,23809146.76,
14:40:30,0.872988017,23815139.72,
14:40:35,0.835149756,23821252.53,
14:40:40,0.797977397,23827117.59,
14:40:45,0.820276943,23833612.75,
14:40:50,0.825274141,23839838.09,
14:40:55,0.823742678,23845668.67,
14:41:00,0.802764152,23851691.38,
14:41:05,0.86850321,23859397.2,
14:41:10,0.90594691,23866071.03,
14:41:15,0.919261617,23872393.59,
14:41:20,0.861578877,23878800.37,
14:41:25,0.857008434,23885371.26,
14:41:30,0.866075103,23891898.02,
14:41:35,0.855652049,23898070.06,
14:41:40,0.818472078,23903803.65,
14:41:45,0.820800435,23910382.84,
14:41:50,0.853431213,23917289.74,
14:41:55,0.855810476,23923076.91,
14:42:00,0.82749466,23929018.41,
14:42:05,0.824855316,23935865.88,
14:42:10,0.898746637,23943317.11,
14:42:15,0.927888369,23949914.9,
14:42:20,0.93463794,23956914.37,
14:42:25,0.937741465,23964435.5,
14:42:30,0.929557326,23970848.98,
14:42:35,0.931848891,23977900.05,
14:42:40,0.897394852,23984645.26,
14:42:45,0.887846241,23990843.7,
14:42:50,0.886023455,23997853.72,
14:42:55,0.884125024,24004556.18,
14:43:00,0.916181563,24011476.54,
14:43:05,0.909696513,24018340.52,
14:43:10,0.91394138,24025138.57,
14:43:15,0.885639836,24031421.58,
14:43:20,0.861095032,24037732.79,
14:43:25,0.841386302,24044086.99,
14:43:30,0.825219587,24050005.91,
14:43:35,0.820586185,24056212.79,
14:43:40,0.799338063,24062088.47,
14:43:45,0.788545822,24067764.34,
14:43:50,0.762842231,24073392.36,
14:43:55,0.755748529,24079108.29,
14:44:00,0.738271102,24084390.56,
14:44:05,0.775644389,24090860.24,
14:44:10,0.799685683,24097117.59,
14:44:15,0.846993897,24103465.27,
14:44:20,0.821809358,24109367.78,
14:44:25,0.786040007,24114819.59,
14:44:30,0.753058279,24120424.5,
14:44:35,0.749361802,24126243.76,
14:44:40,0.759935987,24131933.71,
14:44:45,0.750078768,24137316.63,
14:44:50,0.758044058,24143315.28,
14:44:55,0.744157966,24148692.5,
14:45:00,0.777659539,24154829.9,
14:45:05,0.912362182,24163862.11,
14:45:10,0.970678948,24170552.65,
14:45:15,0.991568349,24177160.49,
14:45:20,0.872300706,24183506.74,
14:45:25,0.879944067,24190369.41,
14:45:30,0.884674841,24197083.79,
14:45:35,0.896232893,24203690.33,
14:45:40,0.863012176,24209804.86,
14:45:45,0.851338197,24216256.33,
14:45:50,0.866716265,24223209.2,
14:45:55,0.888239058,24229808.43,
14:46:00,0.864120374,24235716.74,
14:46:05,0.90233258,24243530.16,
14:46:10,0.950566142,24251215.63,
14:46:15,0.987761021,24257961.59,
14:46:20,0.921294053,24264278.14,
14:46:25,0.855762901,24270487.82,
14:46:30,0.859786064,24277324.38,
14:46:35,0.894529365,24284423.37,
14:46:40,0.880280111,24290312.15,
14:46:45,0.830659874,24296031.24,
14:46:50,0.780298725,24301996.07,
14:46:55,0.776789696,24307805.83,
14:47:00,0.789466571,24313810.4,
14:47:05,0.834023004,24320778.66,
14:47:10,0.873900679,24327486.49,
14:47:15,0.87903886,24333606.78,
14:47:20,0.853945666,24340009.93,
14:47:25,0.817508986,24345897.18,
14:47:30,0.814934186,24351959.48,
14:47:35,0.799482694,24358014.66,
14:47:40,0.789574568,24363678.78,
14:47:45,0.788016938,24369706,
14:47:50,0.788970198,24375782.65,
14:47:55,0.823634681,24382227.42,
14:48:00,0.842873362,24388687.91,
14:48:05,0.880865293,24395620.15,
14:48:10,0.883621831,24402127.01,
14:48:15,0.852526005,24407887.2,
14:48:20,0.824112817,24414179.57,
14:48:25,0.802688506,24420203.94,
14:48:30,0.801309761,24425933.08,
14:48:35,0.772213861,24431570.19,
14:48:40,0.772605885,24437603.39,
14:48:45,0.78616196,24443637.83,
14:48:50,0.761458887,24448718.61,
14:48:55,0.778782644,24455141.95,
14:49:00,0.747453221,24460470.83,
14:49:05,0.784141418,24466377.85,
14:49:10,0.793851945,24473019.87,
14:49:15,0.859885973,24479835.87,
14:49:20,0.858675805,24485715.64,
14:49:25,0.832253186,24491762.61,
14:49:30,0.809833591,24498073.71,
14:49:35,0.80365699,24503814.38,
14:49:40,0.805031453,24509892.3,
14:49:45,0.779685315,24515632.6,
14:49:50,0.775672142,24521282.89,
14:49:55,0.741765065,24526597.21,
14:50:00,0.715308508,24531741.69,
14:50:05,0.847220516,24540362.7,
14:50:10,0.905045666,24546979.27,
14:50:15,0.949650943,24553128.28,
14:50:20,0.835295497,24559173.95,
14:50:25,0.838700493,24565867.2,
14:50:30,0.826309072,24571737.15,
14:50:35,0.848378827,24578279.85,
14:50:40,0.838330671,24584746.81,
14:50:45,0.841759138,24590693.97,
14:50:50,0.821439219,24596779.05,
14:50:55,0.805292168,24602882.38,
14:51:00,0.809107743,24608915.46,
14:51:05,0.82839289,24615434.85,
14:51:10,0.852934998,24622090.88,
14:51:15,0.843923676,24627921.03,
14:51:20,0.842237115,24634402.44,
14:51:25,0.810974933,24640354.42,
14:51:30,0.829208655,24646595.2,
14:51:35,0.812622798,24652703.09,
14:51:40,0.812406328,24658650.2,
14:51:45,0.773336331,24664011.11,
14:51:50,0.738913533,24669343.78,
14:51:55,0.737658009,24675262.61,
14:52:00,0.742516286,24680732.93,
14:52:05,0.838051242,24688217.09,
14:52:10,0.847086829,24694339.41,
14:52:15,0.907750665,24701175.91,
14:52:20,0.86760165,24707755.89,
14:52:25,0.863191854,24713778.9,
14:52:30,0.817352779,24719583.08,
14:52:35,0.790324838,24725554.39,
14:52:40,0.789118317,24731550.23,
14:52:45,0.776927507,24737079.86,
14:52:50,0.747762146,24742394.35,
14:52:55,0.737765847,24748165.06,
14:53:00,0.760838499,24754214.31,
14:53:05,0.831877496,24761128.63,
14:53:10,0.85172705,24767346.36,
14:53:15,0.884840722,24774141.34,
14:53:20,0.82333305,24779670.48,
14:53:25,0.805527192,24785487.22,
14:53:30,0.75190425,24791074.59,
14:53:35,0.760034469,24796786.82,
14:53:40,0.757176594,24802539.2,
14:53:45,0.737860206,24807691.55,
14:53:50,0.7145021,24812877.75,
14:53:55,0.726607273,24818902.74,
14:54:00,0.741692432,24824394.82,
14:54:05,0.787949064,24830622.74,
14:54:10,0.773164266,24836314.77,
14:54:15,0.792970208,24842252.89,
14:54:20,0.757286177,24847677.18,
14:54:25,0.746359138,24853123.14,
14:54:30,0.720667758,24858482.67,
14:54:35,0.691427862,24863248.47,
14:54:40,0.685430304,24868559.35,
14:54:45,0.679741831,24873790.78,
14:54:50,0.69743097,24878954.95,
14:54:55,0.684400448,24883972.38,
14:55:00,0.709407371,24889766.97,
14:55:05,0.767229825,24896233.33,
14:55:10,0.803256561,24902062.1,
14:55:15,0.8313253,24908488.81,
14:55:20,0.865337678,24915721.15,
14:55:25,0.909278957,24922539.5,
14:55:30,0.946792751,24929811.04,
14:55:35,0.936232521,24936805.55,
14:55:40,0.961421818,24944191.18,
14:55:45,0.990313142,24952113.36,
14:55:50,0.9882141,24959060.6,
14:55:55,1.009187235,24966918.55,
14:56:00,0.906532409,24972528.91,
14:56:05,0.87760001,24978824.58,
14:56:10,0.808633572,24985129.37,
14:56:15,0.849096904,24991650.98,
14:56:20,0.864650526,24998296.92,
14:56:25,0.842032064,25004092.33,
14:56:30,0.824318661,25010215.03,
14:56:35,0.800709989,25016329.29,
14:56:40,0.850081563,25023236.58,
14:56:45,0.864877145,25029692.47,
14:56:50,0.842629615,25035305.71,
14:56:55,0.792827481,25041091.43,
14:57:00,0.785886972,25047391.02,
14:57:05,0.863088456,25054742.88,
14:57:10,0.904727385,25061466.32,
14:57:15,0.900810791,25067677.71,
14:57:20,0.853362704,25073961.01,
14:57:25,0.817678038,25079880.82,
14:57:30,0.821072568,25086168.66,
14:57:35,0.793251381,25091825.41,
14:57:40,0.776641894,25097371.17,
14:57:45,0.788534087,25103926.82,
14:57:50,0.783265231,25109464.92,
14:57:55,0.776829501,25114865.74,
14:58:00,0.76244878,25121097.53,
14:58:05,0.831646595,25128194,
14:58:10,0.870092557,25134460.64,
14:58:15,0.86666298,25140615.2,
14:58:20,0.808771066,25146407.91,
14:58:25,0.807603398,25152648.25,
14:58:30,0.778983572,25158158.28,
14:58:35,0.764286155,25163620,
14:58:40,0.759314965,25169748.39,
14:58:45,0.75935033,25175259.21,
14:58:50,0.739312376,25180269.66,
14:58:55,0.711106936,25185762.86,
14:59:00,0.720159966,25191477.56,
14:59:05,0.805081566,25198400.49,
14:59:10,0.798053042,25203735.39,
14:59:15,0.769283829,25208802.2,
14:59:20,0.681567312,25213749.71,
14:59:25,0.702177761,25219548.77,
14:59:30,0.7195372,25225006.52,
14:59:35,0.762126058,25230913.15,
14:59:40,0.725637045,25235890.46,
14:59:45,0.689570346,25240535.97,
14:59:50,0.674065251,25246093.42,
14:59:55,0.737160208,25252491.66,
15:00:00,0.79740062,25258493.81,
15:00:05,1.164949599,25272328.64,
15:00:10,1.280300172,25281324.64,
15:00:15,1.421190517,25290499.7,
15:00:20,1.150640559,25298241.62,
15:00:25,1.121427939,25306579.73,
15:00:30,1.060178128,25314375.42,
15:00:35,1.08155867,25322598.84,
15:00:40,1.028021204,25329731.26,
15:00:45,1.038707193,25337767.6,
15:00:50,0.993329128,25344969.08,
15:00:55,1.025086891,25352816.7,
15:01:00,0.985448998,25359960.39,
15:01:05,1.092100345,25369563.7,
15:01:10,1.126333475,25378182.27,
15:01:15,1.177327223,25386474.36,
15:01:20,1.073747207,25393745,
15:01:25,1.029355228,25401363.84,
15:01:30,1.023609823,25409526.54,
15:01:35,1.066385812,25417760.52,
15:01:40,1.065094289,25425350.28,
15:01:45,0.98734505,25431762.02,
15:01:50,0.963584453,25439460.9,
15:01:55,0.92180803,25446109.83,
15:02:00,0.966903495,25453537.15,
15:02:05,1.032440357,25462711.95,
15:02:10,1.090950915,25470678.57,
15:02:15,1.058044039,25477364.81,
15:02:20,1.01187685,25485499.9,
15:02:25,0.989986138,25492973.53,
15:02:30,0.994251304,25499755.82,
15:02:35,0.96546877,25507242.72,
15:02:40,0.957379465,25514534.17,
15:02:45,0.97348227,25521679.11,
15:02:50,0.989116612,25529518.1,
15:02:55,1.001117595,25537079.82,
15:03:00,0.978450764,25543714.29,
15:03:05,1.025033765,25552602.35,
15:03:10,1.040586594,25560514.33,
15:03:15,1.043913407,25567223.71,
15:03:20,0.945383399,25573892.84,
15:03:25,0.87103757,25580130.51,
15:03:30,0.869860705,25586813.39,
15:03:35,0.862915597,25593326.11,
15:03:40,0.865540193,25599622.89,
15:03:45,0.844147916,25605824.01,
15:03:50,0.853726817,25612552.44,
15:03:55,0.847896251,25618717.91,
15:04:00,0.898546978,25626059.71,
15:04:05,0.952546245,25634004.24,
15:04:10,1.043634613,25642221.06,
15:04:15,1.019815974,25649026.46,
15:04:20,0.964127451,25655716.85,
15:04:25,0.92714032,25663100.71,
15:04:30,0.960617629,25670660.03,
15:04:35,0.990167878,25678015.9,
15:04:40,0.966042533,25684856.45,
15:04:45,0.963671675,25692362.37,
15:04:50,0.92788599,25698912.34,
15:04:55,0.916669532,25705500.28,
15:05:00,0.872834982,25712019.03,
15:05:05,0.971414469,25720789.06,
15:05:10,1.01172207,25728284.75,
15:05:15,1.076093168,25736253.16,
15:05:20,1.004431721,25743409.34,
15:05:25,0.99648229,25750726,
15:05:30,0.944974406,25757534.44,
15:05:35,0.934888347,25764463.47,
15:05:40,0.899837391,25770990.77,
15:05:45,0.896089215,25777714.8,
15:05:50,0.895787902,25784637.04,
15:05:55,0.890795461,25791051.91,
15:06:00,0.87047237,25797318.25,
15:06:05,0.907847719,25805082.21,
15:06:10,0.947151472,25812382.21,
15:06:15,0.958912831,25818913.43,
15:06:20,0.925632803,25825927.9,
15:06:25,0.890968637,25832447.25,
15:06:30,0.890971174,25838978.52,
15:06:35,0.8832306,25845818.68,
15:06:40,0.937976489,25853570.93,
15:06:45,0.968297941,25860785.05,
15:06:50,0.968628592,25867632.65,
15:06:55,0.880635502,25873403.26,
15:07:00,0.861812474,25880193.48,
15:07:05,0.92255259,25888408.98,
15:07:10,0.984372834,25895571.81,
15:07:15,0.980775949,25902281.03,
15:07:20,0.91920405,25909109.89,
15:07:25,0.888149932,25915573.37,
15:07:30,0.895695763,25922452.52,
15:07:35,0.905685085,25929506.35,
15:07:40,0.931707909,25936555.88,
15:07:45,0.913170336,25943017.55,
15:07:50,0.904083685,25949866.75,
15:07:55,0.851585116,25955733.98,
15:08:00,0.837737718,25961883.81,
15:08:05,0.852269096,25969060.26,
15:08:10,0.907941761,25976181.26,
15:08:15,0.935007762,25982940.63,
15:08:20,0.915551819,25989678.92,
15:08:25,0.942373757,25997403.97,
15:08:30,0.961486521,26004593.76,
15:08:35,0.963841362,26011385.09,
15:08:40,0.9431023,26018643.09,
15:08:45,0.942998268,26025830.54,
15:08:50,0.995642419,26033807.43,
15:08:55,0.984008563,26040803.43,
15:09:00,0.9625048,26047506.6,
15:09:05,0.957141111,26055362.71,
15:09:10,0.957271468,26062361.64,
15:09:15,0.959518312,26069115.41,
15:09:20,0.87629247,26075097.23,
15:09:25,0.853388236,26081580.35,
15:09:30,0.851688672,26088295.85,
15:09:35,0.89194505,26095184.26,
15:09:40,0.887158454,26101559.58,
15:09:45,0.869410162,26107875.38,
15:09:50,0.815523967,26113550.25,
15:09:55,0.801416331,26119607.86,
15:10:00,0.796328897,26125809.09,
15:10:05,0.917171615,26134205.39,
15:10:10,0.964760049,26141334.72,
15:10:15,0.990206573,26148109.01,
15:10:20,0.956222423,26155739.98,
15:10:25,0.946909153,26162659.56,
15:10:30,0.998428455,26170594.1,
15:10:35,0.983891685,26177897.69,
15:10:40,0.949599086,26184044.99,
15:10:45,0.916661444,26191237.75,
15:10:50,0.896832824,26198094.79,
15:10:55,0.957855381,26205616.35,
15:11:00,0.926586855,26212104.93,
15:11:05,0.964195801,26219808.94,
15:11:10,0.955983117,26227145.55,
15:11:15,0.965921691,26233857.95,
15:11:20,0.888971407,26239829,
15:11:25,0.857655305,26246460.35,
15:11:30,0.864989741,26253337.93,
15:11:35,0.940492929,26261009.35,
15:11:40,0.928947881,26267380.7,
15:11:45,0.973725699,26275266.7,
15:11:50,0.960272705,26282635.15,
15:11:55,0.996955668,26289832.62,
15:12:00,0.991383438,26297593.13,
15:12:05,1.063148599,26306577.77,
15:12:10,1.100796399,26314623.08,
15:12:15,1.085122252,26322030.6,
15:12:20,1.00861918,26329292.35,
15:12:25,0.953039764,26336085.99,
15:12:30,0.947096443,26343359.66,
15:12:35,0.946779271,26350614.28,
15:12:40,0.953252745,26357553.7,
15:12:45,0.920076431,26364080.23,
15:12:50,0.898794055,26370855.55,
15:12:55,0.914659615,26378152.27,
15:13:00,0.90996484,26384573.07,
15:13:05,0.991156343,26393176.86,
15:13:10,0.981493392,26400255.97,
15:13:15,1.01853016,26407510.85,
15:13:20,0.948188148,26414530.51,
15:13:25,0.920708396,26420990.76,
15:13:30,0.915897219,26428137.3,
15:13:35,0.905228833,26434916.7,
15:13:40,0.920864444,26441729.07,
15:13:45,0.918684523,26448826.51,
15:13:50,0.905742968,26455314.46,
15:13:55,0.885737366,26461676.3,
15:14:00,0.909765656,26469314.87,
15:14:05,0.956339301,26476851.68,
15:14:10,0.981565707,26483781.63,
15:14:15,0.92017856,26490037.73,
15:14:20,0.879519692,26496658.88,
15:14:25,0.915135531,26504390.92,
15:14:30,0.946629725,26511356.28,
15:14:35,0.945004379,26517940.83,
15:14:40,0.871227556,26524011.38,
15:14:45,0.878546451,26531141.57,
15:14:50,0.882752305,26537820.84,
15:14:55,0.887207457,26543991.71,
15:15:00,0.879567109,26550949.84,
15:15:05,1.049709878,26561460.8,
15:15:10,1.136306303,26569581.88,
15:15:15,1.201728824,26578013.35,
15:15:20,1.065054325,26585446.34,
15:15:25,1.056291031,26593370.05,
15:15:30,1.044145577,26601528,
15:15:35,1.047043257,26609026.25,
15:15:40,1.016269836,26616256.94,
15:15:45,0.982879115,26623662.91,
15:15:50,1.013078614,26631841.26,
15:15:55,1.039142194,26639658.91,
15:16:00,1.049803126,26647304.98,
15:16:05,1.125703889,26657192.65,
15:16:10,1.094188128,26664300.55,
15:16:15,1.056226328,26671091.7,
15:16:20,0.952836457,26678650.99,
15:16:25,0.968848075,26686119.48,
15:16:30,0.967953809,26692890.48,
15:16:35,0.939979904,26699819.78,
15:16:40,0.950492876,26707525.03,
15:16:45,1.027298846,26716025.74,
15:16:50,1.04556381,26723366.38,
15:16:55,1.014435157,26730370.59,
15:17:00,0.96161783,26737681.84,
15:17:05,0.99392097,26745749.95,
15:17:10,0.98638957,26752584.56,
15:17:15,0.988097698,26759934.27,
15:17:20,0.940085046,26766921.12,
15:17:25,0.950788004,26773996.76,
15:17:30,0.920208057,26780657.79,
15:17:35,0.934866145,26787974.75,
15:17:40,0.921281683,26794744.46,
15:17:45,0.891501961,26800734.84,
15:17:50,0.850708453,26807133.11,
15:17:55,0.878163466,26814521.12,
15:18:00,0.921110886,26821478.7,
15:18:05,0.969980378,26828977.53,
15:18:10,0.954476552,26836016.39,
15:18:15,0.954633869,26842977.51,
15:18:20,0.92213662,26849744.49,
15:18:25,0.908428302,26856474.63,
15:18:30,0.900230684,26863251.14,
15:18:35,0.858050184,26869068.19,
15:18:40,0.838929808,26875367.73,
15:18:45,0.854688482,26882499.13,
15:18:50,0.880857998,26888905.53,
15:18:55,0.851773357,26894550.07,
15:19:00,0.831288191,26901220.14,
15:19:05,0.864278325,26908369.49,
15:19:10,0.914146431,26915137.09,
15:19:15,0.958500508,26922806.03,
15:19:20,0.963990908,26930079.03,
15:19:25,0.978656608,26937176.9,
15:19:30,0.931607524,26943786.27,
15:19:35,0.917309743,26950737.28,
15:19:40,0.886798623,26957148.03,
15:19:45,0.875565037,26963504.41,
15:19:50,0.844506954,26969755.98,
15:19:55,0.829372157,26975825.89,
15:20:00,0.817352938,26981911.59,
15:20:05,0.944663895,26991030.26,
15:20:10,1.012634415,26998630.9,
15:20:15,1.077565003,27006178.87,
15:20:20,0.99558739,27013451.37,
15:20:25,1.012226215,27021426.71,
15:20:30,0.965585964,27027924.33,
15:20:35,0.981471031,27035554.56,
15:20:40,0.946166971,27042734.85,
15:20:45,0.974416023,27049868.64,
15:20:50,0.950329532,27056956.44,
15:20:55,0.950941832,27064150.51,
15:21:00,0.941788575,27071078.17,
15:21:05,1.004586025,27079580.2,
15:21:10,1.046073029,27087708.58,
15:21:15,1.059676521,27094942.59,
15:21:20,1.022316079,27102603.24,
15:21:25,1.01744575,27110621.94,
15:21:30,1.016096819,27117825.58,
15:21:35,0.974615683,27124552.05,
15:21:40,0.938749912,27131763.04,
15:21:45,0.941298545,27139024.07,
15:21:50,0.94377851,27145806.4,
15:21:55,0.931186954,27152733.81,
15:22:00,0.935840338,27160099.64,
15:22:05,1.010749781,27168568.96,
15:22:10,1.063429296,27176682.75,
15:22:15,1.081366939,27184452.54,
15:22:20,1.015744124,27191444.01,
15:22:25,0.977687807,27198700.74,
15:22:30,0.946312712,27205763.96,
15:22:35,0.987152685,27213675.16,
15:22:40,0.986561636,27220918.58,
15:22:45,0.99868917,27228254.91,
15:22:50,0.966406646,27235439.1,
15:22:55,0.969314,27242748,
15:23:00,0.984863816,27250434.52,
15:23:05,1.072554642,27259593.54,
15:23:10,1.068879416,27266819.67,
15:23:15,1.029770248,27273625.44,
15:23:20,0.970743493,27281455.15,
15:23:25,0.983075444,27288959,
15:23:30,1.014955953,27296482.73,
15:23:35,0.985648499,27303652.42,
15:23:40,0.928644348,27309872.51,
15:23:45,0.858742252,27315822.01,
15:23:50,0.820245067,27322124.73,
15:23:55,0.819124183,27328319.58,
15:24:00,0.854976632,27335076.5,
15:24:05,0.911642678,27342655.36,
15:24:10,0.975596219,27350290.48,
15:24:15,1.002838885,27357660.91,
15:24:20,0.957763877,27364224.66,
15:24:25,0.979173281,27372341.93,
15:24:30,0.969748208,27379500.1,
15:24:35,1.017699487,27387143.74,
15:24:40,0.977824984,27394363.01,
15:24:45,0.981885574,27401612.63,
15:24:50,0.955826434,27408669.41,
15:24:55,0.946100207,27415669.64,
15:25:00,0.952340718,27423059.8,
15:25:05,1.054619854,27432419.95,
15:25:10,1.097532227,27440386.59,
15:25:15,1.107326805,27447997.33,
15:25:20,1.014165402,27455259.44,
15:25:25,0.981219038,27462484.11,
15:25:30,0.96938917,27469828.44,
15:25:35,0.948937942,27476629.98,
15:25:40,0.913171287,27483049.16,
15:25:45,0.909081676,27490301.39,
15:25:50,0.918342612,27497311.49,
15:25:55,0.952426513,27504498.26,
15:26:00,0.941680578,27511508.49,
15:26:05,1.019573179,27520272.76,
15:26:10,1.001449039,27527051.38,
15:26:15,0.985872105,27533710.8,
15:26:20,0.965772779,27542022.43,
15:26:25,0.994347724,27549444.56,
15:26:30,1.009232749,27556439.2,
15:26:35,0.947034594,27563350.1,
15:26:40,0.951254246,27570867.26,
15:26:45,1.00342597,27579036.83,
15:26:50,0.990913073,27585665.94,
15:26:55,0.947321,27592201.38,
15:27:00,0.91974578,27599749.95,
15:27:05,0.995730434,27608090.26,
15:27:10,1.030876542,27615417.21,
15:27:15,0.992830217,27622108.96,
15:27:20,0.948469955,27629450.26,
15:27:25,1.003365073,27638013.48,
15:27:30,1.076382587,27646349.61,
15:27:35,1.106219717,27654362.85,
15:27:40,1.02881905,27661182.97,
15:27:45,0.958275792,27667930.44,
15:27:50,0.942734064,27675593.68,
15:27:55,0.95506094,27682691.4,
15:28:00,1.015091226,27690790.78,
15:28:05,1.099741169,27700360.37,
15:28:10,1.139830556,27708360.93,
15:28:15,1.136589854,27716387.32,
15:28:20,1.078194113,27724641.82,
15:28:25,1.060708598,27732248.59,
15:28:30,1.033161923,27739654.62,
15:28:35,1.030933157,27747858.93,
15:28:40,1.053704021,27755978.51,
15:28:45,1.081953231,27764020.73,
15:28:50,1.062955442,27771797.19,
15:28:55,1.030543036,27779186.83,
15:29:00,0.986246685,27786231.47,
15:29:05,1.070055488,27795895.35,
15:29:10,1.147517211,27805029.47,
15:29:15,1.208062584,27813437.62,
15:29:20,1.129948597,27821342.33,
15:29:25,1.073176457,27829197.91,
15:29:30,1.053575566,27837164.64,
15:29:35,1.07232834,27845491.68,
15:29:40,1.056895719,27852999.71,
15:29:45,1.038353864,27860548.87,
15:29:50,1.011865115,27868279.36,
15:29:55,1.056945039,27876802.62,
15:30:00,1.053836598,27884281.77,
15:30:05,1.403654572,27899890.34,
15:30:10,1.465669084,27909810.19,
15:30:15,1.56764992,27919586,
15:30:20,1.334171936,27929936.53,
15:30:25,1.350833597,27940231.6,
15:30:30,1.302028651,27948908.3,
15:30:35,1.275158661,27958653.71,
15:30:40,1.168430241,27966545.21,
15:30:45,1.179984646,27975482.12,
15:30:50,1.12928555,27984085.76,
15:30:55,1.138730763,27992189.97,
15:31:00,1.142445636,28001210.54,
15:31:05,1.23210705,28011833.4,
15:31:10,1.316029242,28021827.58,
15:31:15,1.332971124,28031229.69,
15:31:20,1.228725365,28039504.88,
15:31:25,1.194509839,28048728.51,
15:31:30,1.172272776,28057629.83,
15:31:35,1.219093655,28066959.45,
15:31:40,1.235478743,28076552.08,
15:31:45,1.224902971,28085215.23,
15:31:50,1.217605327,28094380.5,
15:31:55,1.191783273,28103391.61,
15:32:00,1.191859235,28112056.47,
15:32:05,1.225562054,28121980.75,
15:32:10,1.242484747,28131372.96,
15:32:15,1.317780981,28141733.53,
15:32:20,1.315988327,28151617.43,
15:32:25,1.364365726,28162099.13,
15:32:30,1.364491326,28172462.53,
15:32:35,1.320014186,28181344.78,
15:32:40,1.283269533,28190998.97,
15:32:45,1.255500521,28200737,
15:32:50,1.301457583,28210654.23,
15:32:55,1.331306449,28220980.63,
15:33:00,1.339297272,28230898.61,
15:33:05,1.389682209,28241950.54,
15:33:10,1.357968691,28251562.73,
15:33:15,1.324889432,28260735.75,
15:33:20,1.291196922,28271028.91,
15:33:25,1.28578296,28280519.18,
15:33:30,1.304625176,28290116.54,
15:33:35,1.272628741,28299689.11,
15:33:40,1.254084508,28308761.76,
15:33:45,1.243838595,28318128.38,
15:33:50,1.275828528,28328421.38,
15:33:55,1.271987262,28337407.52,
15:34:00,1.260505331,28346515.56,
15:34:05,1.262355393,28356850.23,
15:34:10,1.287819519,28366409.83,
15:34:15,1.272322512,28375168.87,
15:34:20,1.278191456,28385635.71,
15:34:25,1.287191836,28395398.01,
15:34:30,1.300589484,28404458.76,
15:34:35,1.252617272,28413845.25,
15:34:40,1.235008219,28423210.98,
15:34:45,1.203245698,28431556.43,
15:34:50,1.174062892,28440285.71,
15:34:55,1.11315531,28448279.77,
15:35:00,1.154572219,28457557.95,
15:35:05,1.296302116,28469479.05,
15:35:10,1.384774929,28479465.56,
15:35:15,1.420602005,28489550.59,
15:35:20,1.379152903,28500538.23,
15:35:25,1.415329502,28511339.46,
15:35:30,1.425455524,28521652.53,
15:35:35,1.408391372,28532255.88,
15:35:40,1.381521699,28542451.99,
15:35:45,1.416574876,28553554.47,
15:35:50,1.42223639,28564285.32,
15:35:55,1.424108337,28574523.59,
15:36:00,1.356512556,28584103.78,
15:36:05,1.400720575,28595830.22,
15:36:10,1.434241655,28606823.4,
15:36:15,1.48283822,28617498,
15:36:20,1.514891428,28629946.3,
15:36:25,1.523802366,28641140.15,
15:36:30,1.544638641,28652284,
15:36:35,1.429539268,28662140.2,
15:36:40,1.398684968,28672639.21,
15:36:45,1.378586434,28683330.43,
15:36:50,1.425158493,28694235.45,
15:36:55,1.424713184,28704724.43,
15:37:00,1.427593895,28715480.53,
15:37:05,1.467692797,28727288.6,
15:37:10,1.469544445,28737819.27,
15:37:15,1.469389666,28748571.88,
15:37:20,1.389283048,28758575.91,
15:37:25,1.348700777,28768192.66,
15:37:30,1.315063296,28778187.74,
15:37:35,1.333966568,28788617.48,
15:37:40,1.304585213,28797572.54,
15:37:45,1.278527658,28806980.79,
15:37:50,1.276069578,28817355.18,
15:37:55,1.343851064,28827836.71,
15:38:00,1.414010068,28838824.97,
15:38:05,1.501219903,28851163.36,
15:38:10,1.551491927,28862777.05,
15:38:15,1.478522148,28872122,
15:38:20,1.402601086,28882750.61,
15:38:25,1.320992185,28892526.42,
15:38:30,1.33355028,28902154.19,
15:38:35,1.351096691,28913177.95,
15:38:40,1.386736001,28923756.38,
15:38:45,1.426167892,28934272.17,
15:38:50,1.390531595,28944493.39,
15:38:55,1.359473829,28954372.38,
15:39:00,1.308883047,28963748.84,
15:39:05,1.355942281,28975029.86,
15:39:10,1.411197865,28986153.23,
15:39:15,1.416827503,28995656.47,
15:39:20,1.365094111,29005772.43,
15:39:25,1.336259243,29016246.43,
15:39:30,1.341553948,29025868.91,
15:39:35,1.329421815,29035711.64,
15:39:40,1.313622702,29045829.84,
15:39:45,1.347539928,29056216.15,
15:39:50,1.346547974,29066036.55,
15:39:55,1.313361035,29075407.35,
15:40:00,1.307088966,29085652.42,
15:40:05,1.536588031,29100641.24,
15:40:10,1.643865634,29112427.99,
15:40:15,1.728036806,29124568.63,
15:40:20,1.551420881,29135579.98,
15:40:25,1.551155249,29147360.75,
15:40:30,1.494085919,29158216.16,
15:40:35,1.507028584,29169518.99,
15:40:40,1.457433404,29180182.85,
15:40:45,1.505629857,29192123.66,
15:40:50,1.497848844,29203251.26,
15:40:55,1.511412372,29214220.58,
15:41:00,1.484312116,29225551.08,
15:41:05,1.53024999,29237713.22,
15:41:10,1.530147702,29248680.23,
15:41:15,1.486219587,29259021.46,
15:41:20,1.455370044,29270488.85,
15:41:25,1.491334614,29282265.8,
15:41:30,1.510091828,29293029.45,
15:41:35,1.514466735,29304595.36,
15:41:40,1.461394561,29315177.1,
15:41:45,1.492826906,29326648.62,
15:41:50,1.469985473,29337700.14,
15:41:55,1.530898289,29349653.66,
15:42:00,1.532702837,29361165.82,
15:42:05,1.587570044,29373452.97,
15:42:10,1.572342633,29385063.57,
15:42:15,1.574977061,29396635.06,
15:42:20,1.545291856,29408253.68,
15:42:25,1.522869564,29419359.32,
15:42:30,1.464389455,29429613.81,
15:42:35,1.44838751,29440872.06,
15:42:40,1.370209455,29450217.09,
15:42:45,1.385554696,29460817.16,
15:42:50,1.382698248,29472011.09,
15:42:55,1.453004578,29482939.45,
15:43:00,1.45479866,29493579.92,
15:43:05,1.526143251,29506380.56,
15:43:10,1.576437636,29518441.58,
15:43:15,1.634191264,29530382.69,
15:43:20,1.514471017,29540487.17,
15:43:25,1.477713836,29551720.4,
15:43:30,1.466446789,29563407.77,
15:43:35,1.534153421,29575037.04,
15:43:40,1.512023721,29585771.9,
15:43:45,1.480347788,29596745.91,
15:43:50,1.427883314,29607193.65,
15:43:55,1.446729971,29618352.95,
15:44:00,1.45655246,29629548.17,
15:44:05,1.5567454,29642252.3,
15:44:10,1.588290341,29654122,
15:44:15,1.554039133,29664545.87,
15:44:20,1.474939218,29675468.64,
15:44:25,1.411192156,29685902.73,
15:44:30,1.471096842,29697675.68,
15:44:35,1.503099145,29709319.15,
15:44:40,1.537956627,29720538.24,
15:44:45,1.485724799,29731134.91,
15:44:50,1.408784189,29741045.64,
15:44:55,1.390000173,29751841.71,
15:45:00,1.440984407,29763586.56,
15:45:05,1.959399255,29785172.25,
15:45:10,2.065618931,29798360.44,
15:45:15,2.134844658,29811664.29,
15:45:20,1.757455745,29824750.99,
15:45:25,1.72199421,29837140.57,
15:45:30,1.707038615,29850107.61,
15:45:35,1.679865727,29862582.37,
15:45:40,1.707112199,29875585.55,
15:45:45,1.732198574,29889117.55,
15:45:50,1.776391845,29902587.56,
15:45:55,1.816725771,29916499.08,
15:46:00,1.807554118,29929824.53,
15:46:05,1.953801492,29946588.11,
15:46:10,1.969962656,29960863.58,
15:46:15,2.027608129,29975487.24,
15:46:20,1.913406352,29989678.93,
15:46:25,1.920178601,30004106.92,
15:46:30,1.872420003,30017655.03,
15:46:35,1.888337421,30032205.19,
15:46:40,1.829480353,30045307.69,
15:46:45,1.809265735,30058400.56,
15:46:50,1.735039956,30071279.12,
15:46:55,1.727331575,30084208.03,
15:47:00,1.746701565,30097737.11,
15:47:05,1.879341323,30113602.79,
15:47:10,1.947672626,30128070.54,
15:47:15,1.935395069,30141323.13,
15:47:20,1.842077301,30155087.25,
15:47:25,1.820573063,30169070.72,
15:47:30,1.884106193,30183754.1,
15:47:35,1.925737986,30198455.79,
15:47:40,1.946913792,30212916.15,
15:47:45,1.916870183,30226922.94,
15:47:50,1.935018587,30242033.33,
15:47:55,1.874579308,30255132.57,
15:48:00,1.82744538,30268077.88,
15:48:05,1.903205001,30284894.41,
15:48:10,1.949374252,30299033.41,
15:48:15,2.078020184,30314875.89,
15:48:20,1.949302412,30328793.64,
15:48:25,1.976429787,30343543.55,
15:48:30,1.899417972,30357651.69,
15:48:35,1.893973562,30371446.83,
15:48:40,1.808662633,30384275.5,
15:48:45,1.814903144,30398524.17,
15:48:50,1.831945887,30412703.12,
15:48:55,1.882036331,30426659.85,
15:49:00,1.836719955,30439887.98,
15:49:05,1.991485608,30457552.33,
15:49:10,2.070608041,30473290.94,
15:49:15,2.199720217,30489426.73,
15:49:20,2.113712938,30505154.15,
15:49:25,2.142278527,30521536.07,
15:49:30,2.173261281,30538369.61,
15:49:35,2.184840426,30554357.8,
15:49:40,2.241672035,30572019.6,
15:49:45,2.206697517,30588065.5,
15:49:50,2.419060274,30608836.2,
15:49:55,2.422110514,30626566.68,
15:50:00,2.445832257,30643146.81,
15:50:05,4.731010253,30715380.81,
15:50:10,5.207185131,30743834.98,
15:50:15,5.62697577,30769868.99,
15:50:20,3.361596581,30791085.57,
15:50:25,3.075824604,30813104.02,
15:50:30,2.911643076,30835440.58,
15:50:35,3.11082624,30861142.86,
15:50:40,3.284772373,30887078.66,
15:50:45,3.536768424,30915090.3,
15:50:50,3.578535807,30941733.2,
15:50:55,3.748568201,30971498.21,
15:51:00,3.637854202,30997016.51,
15:51:05,3.883443702,31029190.2,
15:51:10,3.829364191,31057737.32,
15:51:15,3.898977025,31084823.34,
15:51:20,3.617842891,31110665.75,
15:51:25,3.492677917,31136394.09,
15:51:30,3.444948023,31162405.21,
15:51:35,3.417567229,31187631,
15:51:40,3.267585634,31209981.68,
15:51:45,3.198273003,31234431.85,
15:51:50,3.199041192,31259674.94,
15:51:55,3.334821743,31285083.46,
15:52:00,3.310430609,31308984.33,
15:52:05,3.585620629,31340424.83,
15:52:10,3.521529595,31364389.99,
15:52:15,3.613767711,31390368.1,
15:52:20,3.210892153,31412735.65,
15:52:25,3.232641882,31437190.63,
15:52:30,3.090667127,31459971.4,
15:52:35,3.284577947,31486705.91,
15:52:40,3.249501458,31510370.95,
15:52:45,3.307440156,31534456.53,
15:52:50,3.07633081,31555986.35,
15:52:55,2.992137753,31577755.33,
15:53:00,2.838302999,31598376.47,
15:53:05,3.181043604,31627624.98,
15:53:10,3.314530687,31652400.14,
15:53:15,3.463729977,31676381.33,
15:53:20,3.192359972,31699518.45,
15:53:25,3.156038425,31723475.63,
15:53:30,3.079622259,31745735.89,
15:53:35,3.069174466,31768637.72,
15:53:40,2.985211041,31790704.01,
15:53:45,3.035788026,31814103.29,
15:53:50,2.964063621,31835389.85,
15:53:55,3.036058415,31859077.5,
15:54:00,2.974573897,31881092.11,
15:54:05,3.344190201,31910702.61,
15:54:10,3.347282466,31934459.9,
15:54:15,3.708367645,31964606.32,
15:54:20,3.416253662,31987638.28,
15:54:25,3.493335255,32013131.48,
15:54:30,3.153049241,32035614.5,
15:54:35,3.417360591,32064598.87,
15:54:40,3.289280175,32087207.64,
15:54:45,4.619480012,32139647.39,
15:54:50,4.455254239,32164933.32,
15:54:55,4.942416102,32198513.21,
15:55:00,3.688076113,32222704.63,
15:55:05,5.66308164,32292468.63,
15:55:10,5.768809066,32328429.54,
15:55:15,6.211527727,32362591.2,
15:55:20,4.668868079,32397613.76,
15:55:25,4.737998972,32435131.54,
15:55:30,4.796716008,32470615.54,
15:55:35,4.712047194,32503731.32,
15:55:40,4.51673622,32536850.6,
15:55:45,4.504222212,32572052.77,
15:55:50,4.483575289,32604703.58,
15:55:55,4.433638832,32636698.26,
15:56:00,4.173666073,32666045.73,
15:56:05,4.278204899,32701050.79,
15:56:10,4.30866321,32733731.42,
15:56:15,4.339444243,32763772.08,
15:56:20,4.286026828,32797574.16,
15:56:25,4.256583783,32829591.72,
15:56:30,4.268491517,32859900.55,
15:56:35,4.211276605,32892414.13,
15:56:40,4.161926282,32923320.29,
15:56:45,4.186130602,32954174.21,
15:56:50,4.03494106,32983282.93,
15:56:55,4.010096845,33013629.58,
15:57:00,3.996769768,33044183.38,
15:57:05,4.426156436,33082962.08,
15:57:10,4.578278146,33116734.59,
15:57:15,4.664145869,33149222.17,
15:57:20,4.405063411,33182166.21,
15:57:25,4.440494656,33216736.65,
15:57:30,4.493819616,33250425.13,
15:57:35,4.567134637,33285020.27,
15:57:40,4.47722583,33317565.92,
15:57:45,4.415344213,33349860.79,
15:57:50,4.261044485,33380981.03,
15:57:55,4.324705276,33414960.35,
15:58:00,4.392755406,33448787.74,
15:58:05,5.543973376,33505833.95,
15:58:10,6.130436133,33553020.7,
15:58:15,6.571845193,33596788.84,
15:58:20,6.010481814,33641192.88,
15:58:25,6.020197416,33688598.42,
15:58:30,5.99782159,33731862.64,
15:58:35,6.239501633,33781709.43,
15:58:40,6.32333248,33831002.89,
15:58:45,6.591082922,33880296.98,
15:58:50,6.543753299,33929077.88,
15:58:55,6.856057795,33985404.58,
15:59:00,7.767015859,34055213.89,
15:59:05,13.78375991,34239494.74,
15:59:10,15.3568425,34331248.01,
15:59:15,16.16530242,34419264.22,
15:59:20,11.99841542,34509704.79,
15:59:25,11.87343345,34598643.4,
15:59:30,11.97654517,34688981.74,
15:59:35,13.86295735,34821905.21,
15:59:40,15.19673172,34940881.06,
15:59:45,17.16902099,35075636.29,
15:59:50,18.57398072,35240200.13,
15:59:55,22.95476876,35457833.42,
16:00:00,22.95476876,35778645.88,
